Hash,Package,vt_detection,vt_labels,File_Size,SDKVersion,Genre,User_Installs,Number_Of_Reviews,Score,Has_Ads,Developer,URL
003483FF2A74BF9B2AA6CC20850DF8D0EA0EEDC16089E6B65159D692157E658C,ct.canlidoviz,2,Trojan-Spy.AndroidOS.Agent,7.430230140686035,21,Finance,"1,000,000+",21,4.6842103,True,Canlidoviz.co - Mert Tufan Vatandost Cloudtech,https://play.google.com/store/apps/details?id=ct.canlidoviz&hl=en&gl=us
0069A3CFFC419660BF6D820E3D4B2337C5EB94E07C3867AB0FA5A3106E7DA51A,com.htwig.luvmehair,2,"Riskware/PackagingUntrustworthyJiagu, PUA.AndroidOS.Jiagu",22.89137077331543,23,Beauty,"100,000+",119,3.84,True,LM BRAND,https://play.google.com/store/apps/details?id=com.htwig.luvmehair&hl=en&gl=us
00984D6086B3A5965B6A96A558E41984317726B5ED28D28D208F8194BC51A70D,com.cnki.android.cnkiexpress.ocean,2,"A Variant Of Android/Packed.TencentPro, PUA.AndroidOS.Tencentprotect",76.27817916870117,21,Education,"10,000+",2,2.7142856,False,CNKI,https://play.google.com/store/apps/details?id=com.cnki.android.cnkiexpress.ocean&hl=en&gl=us
00FC170CD85FA88130DC11BF3627B9E1A30801DBB5C556E76A2F871C3D50F4B7,com.btcc.hy,2,"Riskware/Packaging/Untrustworthy/Jiagu..., AdLibrary:Generisk, PUA.AndroidOS.Jiagu",77.31459045410156,24,Finance,"1,000,000+",615,4.433735,False,BTCC.COM,https://play.google.com/store/apps/details?id=com.btcc.hy&hl=en&gl=us
010AB247E00EE314A8CCE50BC1B3F467130E62F0BB2942DFB307A687F911A1CA,com.smart_id,2,Trojan-Downloader.AndroidOS.Agent,29.93995475769043,21,Business,"1,000,000+",68,4.31,False,SK ID Solutions AS,https://play.google.com/store/apps/details?id=com.smart_id&hl=en&gl=us
017D4ED98A1C94CD6B7F1C5ACDD5178C1C485CE3F616741C9A9535868362F077,com.yeahoo.chat,2,PUA.AndroidOS.Baiduprotect,47.846357345581055,23,Social,"1,000,000+",116,4.255639,False,iYeah Inc,https://play.google.com/store/apps/details?id=com.yeahoo.chat&hl=en&gl=us
01BA2F79C03D0A33CCCE905CE7895EB00A9403C20E6C99F40DD48A6DE39B45D8,air.hk.openknowledge.leap,2,"W32/PossibleThreat, Trojan.Win32.Small.CK",89.76519393920898,15,Education,"5,000+",,,False,Open Knowledge Association Ltd.,https://play.google.com/store/apps/details?id=air.hk.openknowledge.leap&hl=en&gl=us
01EBBFB03B02FA3ED81334887B4EF5DD230F7048670F9F42AF58749B4603353B,com.ligo.arexingcam,2,"PUA.AndroidOS.Tencentprotect, TROJ_GEN.R002V01IS23",75.17437553405762,21,Tools,"100,000+",694,1.6732674,False,RexingUSA,https://play.google.com/store/apps/details?id=com.ligo.arexingcam&hl=en&gl=us
1D1094028D6D533F7F7F3E5F9D8B094EAE1935573DE51BD6A96B5EBAFCD4244A,com.casualbox.studio.butcher,2,AdLibrary:Generisk,41.44199752807617,21,Casual,"1,000,000+",254,2.9,True,CasualBox,https://play.google.com/store/apps/details?id=com.casualbox.studio.butcher&hl=en&gl=us
1D3CED5DCD129E8986880A7BD402DBFAB7526479BCAD43BBBBFCAD5993B6A9C3,com.dacamu74.ACTIBASKET,2,AndroidOS.Evo,5.534364700317383,21,Sports,100+,,,False,Lopeses,https://play.google.com/store/apps/details?id=com.dacamu74.ACTIBASKET&hl=en&gl=us
03066BFACEF2B1FD265C8AD7988714BF4883AD3D775490AD392206AAC94A1782,com.tix.htdt.hnddsky,2,"Trojan.Android.MobiDash.dzhtvj, AppRisk:Generisk",0.0,,None,None,None,None,None,None,None
030EF0496C4C59FD351061787CA8F3BA3B0D5FFC9DEE2E35C2420C7224C3498C,com.stara.Teste_de_Perfil,2,Trojan-Spy.AndroidOS.Agent,40.60551452636719,21,Tools,"5,000+",,,False,Stara S.A. - Indústria de Implementos Agrícolas,https://play.google.com/store/apps/details?id=com.stara.Teste_de_Perfil&hl=en&gl=us
1D7E323A47F13930262612E7A6A3F22C2486F3DACA1C372B479928FCFEA13812,com.noblr.app,2,Trojan-Dropper.AndroidOS.Agent,80.90886497497559,21,Finance,"10,000+",228,3.18,False,Noblr Inc,https://play.google.com/store/apps/details?id=com.noblr.app&hl=en&gl=us
1D800FA79D9A7B15FAD199B796E1424E279C047A1A8AC34BB791E8B5A1E22231,sg.omi,2,Trojan.AndroidOS.Fleckpe,59.63376998901367,21,Social,"10,000,000+",231,3.65,False,WINK TECHNOLOGY PTE. LTD,https://play.google.com/store/apps/details?id=sg.omi&hl=en&gl=us
03611A7335CF67AC1D035631BA8830B7D8C5964F25E3F274B0B6F455DBE598CC,org.pbskids.gamesapp,2,Trojan-Spy.AndroidOS.Agent,71.25851249694824,22,Educational,"10,000,000+",11565,4.343167,False,PBS KIDS,https://play.google.com/store/apps/details?id=org.pbskids.gamesapp&hl=en&gl=us
1DB36FBD53691E1E127EB177D8798C4DA21ADEFA0E8F5B06779067CFD429D150,com.tgelec.kidiwatch,2,Trojan.AndroidOS.Hiddad,51.526668548583984,19,Education,"100,000+",14,3.5172415,False,kidiwatch,https://play.google.com/store/apps/details?id=com.tgelec.kidiwatch&hl=en&gl=us
1E39D49E91CE52EE30D15E9B0C4678E1E36C643CAF33304E92B9A02FBFA10FE0,br.com.stara.comparativo,2,None,27.897072792053223,22,Productivity,"1,000+",,,False,Stara S.A. - Indústria de Implementos Agrícolas,https://play.google.com/store/apps/details?id=br.com.stara.comparativo&hl=en&gl=us
1E43514B4794CFF314C114A5D7DEC7996130565E0CB00C3EA0F3EF16D0384589,com.themoin.remit,2,None,80.1436185836792,21,Finance,"100,000+",9,3.5,False,모인 MOIN Inc.,https://play.google.com/store/apps/details?id=com.themoin.remit&hl=en&gl=us
04563983602E74883C8BA771A3F01CBC0244E285D8524CDA26A2A620861C5FCF,com.sbi.secure,2,"PUA.AndroidOS.Hacktool, TROJ_GEN.R002V01.JB23",23.57752227783203,26,Business,"50,000+",0,0,False,SBI General Insurance,https://play.google.com/store/apps/details?id=com.sbi.secure&hl=en&gl=us
1E73C89FD19F57A9634D0EF8B7AB3A1DC9D26207CCAF2F37BEEE8EDB8E848F76,awwsome.word.guide.game.full.guideforwcgame,2,None,5.180268287658691,14,None,None,None,None,None,None,None
1E799A837ECEDA82A190671DD971366B4569DAA9E772F4BBAD2ABBF2E7547BCD,com.kuyi.funride,2,"A Variant Of Android/Packed.Jiagu.D Pot..., Riskware/PackagingUntrustworthy.Jiagu..., PUA.AndroidOS.Jiagu, AdLibrary:Generisk",51.31405162811279,23,Tools,"5,000+",,,False,Kuyi Tech,https://play.google.com/store/apps/details?id=com.kuyi.funride&hl=en&gl=us
1E7D5931BCFD588801715FBE3D0AEC724A891D98941334B62C9828BD4F53356C,com.wolfe.giftya,2,"TROJ_GEN.R002V01K223, Suspected Of JS.Crypted.Heur",167.3046579360962,24,Shopping,"100,000+",199,3.03,False,GiftYa LLC,https://play.google.com/store/apps/details?id=com.wolfe.giftya&hl=en&gl=us
1ECE109D46629F76A1FC1CB07C3BA49348E332BE6E148D5F0F0F6F6CDA79D239,com.coinpusher.wawa,2,"A Variant Of Android/Packed.Jiagu.D Pot..., Trojan (0052d661), Riskware/PackagingUntrustworthy.Jiagu..., PUA.AndroidOS.Jiagu, AppRisk:Generisk",86.21531200408936,21,Arcade,"10,000+",54,3.98,False,online coin pusher,https://play.google.com/store/apps/details?id=com.coinpusher.wawa&hl=en&gl=us
04BE5B23D7FF6ADBFE77B45CA026D6E40240E56C6F66EA1EA7CFD32E53084A8F,com.yxhjandroid1.uhouzzdis,2,"Riskware/PackagingUntrustworthy.Jiagu, Trojan-Dropper.AndroidOS.Agent",90.83598232269287,21,Tools,"100,000+",5,4.2222223,False,uhomes.com,https://play.google.com/store/apps/details?id=com.yxhjandroid1.uhouzzdis&hl=en&gl=us
1EF71C1E11D4163446B8E303A0AF444387CE8B051917D2C7F5FE28C458B44644,cz.esol.Ataxi,2,Trojan-Spy.AndroidOS.SMSSpy,3.926013946533203,19,Travel & Local,"1,000+",,,False,eSol.cz s.r.o.,https://play.google.com/store/apps/details?id=cz.esol.Ataxi&hl=en&gl=us
04EAD1F782E5C69FBDF2EC7E047A370D42928F3EAA662AC28BA1E6D3A7DEB55A,com.payfirstsolutions.zota.zota_techs,2,Trojan.AndroidOS.Agent,58.91432285308838,25,Business,"5,000+",10,2.375,False,PayFirst Solutions,https://play.google.com/store/apps/details?id=com.payfirstsolutions.zota.zota_techs&hl=en&gl=us
0556B2B90930D86ACA22C620A54398BC4997F44B26F0128FE7371FF308742C9C,com.citi.mobile.ccc,2,None,87.89848518371582,21,Finance,"500,000+",311,4.6910996,False,Citibank N.A.,https://play.google.com/store/apps/details?id=com.citi.mobile.ccc&hl=en&gl=us
1F449BE024E0B3BD47974E53FBC1526FF00B73A95E56E5F31EB11A772BFFCCCD,com.dacamu74.ACTIBASKET,2,AndroidOS.Evo,6.518671035766602,21,Sports,100+,,,False,Lopeses,https://play.google.com/store/apps/details?id=com.dacamu74.ACTIBASKET&hl=en&gl=us
1F46EEA098D2A7EAE85E1266E8C76D0D7193CB4F50D423124B1BAF86AE05F28F,com.joyreading.wehear,2,AndroidOS/Agent.DT.gen!Eldorado,35.3536262512207,23,Books & Reference,"1,000,000+",44722,4.386998,False,STAR READING LIMITED,https://play.google.com/store/apps/details?id=com.joyreading.wehear&hl=en&gl=us
1F57C4DF7B09DEEB7ACAD2C8FBC346DC3FBCE10A7DC50A2ACF7DF5F9305F9563,b4a.multiclicker,2,None,0.3686552047729492,19,Productivity,"50,000+",15,3.4761906,False,Dave O'Brien,https://play.google.com/store/apps/details?id=b4a.multiclicker&hl=en&gl=us
1FEB7E6DD377ED31C3829E0CD54BD0C683B1A4A60673F4E77AA5336BFD714E70,com.seraphic.openinet.pre,2,"PUA.AndroidOS.Tencentprotect, Phishing.Generic-HTML.Save.u",14.201486587524414,24,Entertainment,"1,000,000+",33,3.258427,True,MetaX,https://play.google.com/store/apps/details?id=com.seraphic.openinet.pre&hl=en&gl=us
2027C421BF945905033D8789ACAA74C5305316CE9C7181EFA1BAB402E2F158C4,com.jpnight.app,2,"A Variant Of Android/Packed.TencentPro..., PUA.AndroidOS.Tencentprotect, Riskware/Application!Android, AppRisk:Generisk",67.34048748016357,21,Lifestyle,"10,000+",0,0,False,株式会社JAPAN NIGHT,https://play.google.com/store/apps/details?id=com.jpnight.app&hl=en&gl=us
209943B80D67E5453F7A551271A2BDE36EDD1DA7A8564D7F197CBE4320B32E51,mayyrob.cdmr,2,Trojan-Spy.AndroidOS.Agent,6.985983848571777,5,Auto & Vehicles,"5,000+",,,True,Solvent ltd,https://play.google.com/store/apps/details?id=mayyrob.cdmr&hl=en&gl=us
0756B6591AB4D68BEB02519787D55BEB716E17E2566EDBEA11F89D440FD1F210,com.netease.frxyna,2,Trojan-Spy.AndroidOS.Agent,83.22299861907959,16,Action,"1,000,000+",2362,3.558753,False,NetEase Games,https://play.google.com/store/apps/details?id=com.netease.frxyna&hl=en&gl=us
07F006DC007E55DF653CFAA46FB90BC9B94E337E625FA660E9999984E1EF26BA,com.economics168,2,"AndroidOS/Jiagu.B.gen!Eldorado, A Variant Of Android/Packed.Jiagu.H Pot..., Riskware/PackagingUntrustworthy.Jiagu..., PUA.AndroidOS.Jiagu, AppRisk:Generisk",90.23314952850342,19,News & Magazines,"10,000+",12,4.2380953,True,FX168 Finance Group Holding Inc.,https://play.google.com/store/apps/details?id=com.economics168&hl=en&gl=us
21DAA6D8842416C88632B3916ADB11FD95733A4CEC313895D3A485E79325AB7E,com.mimarobot.website2apk,2,Trojan.AndroidOS.FakeApp,3.3005895614624023,17,Tools,"5,000+",0,0,False,Mimarobot Ltd,https://play.google.com/store/apps/details?id=com.mimarobot.website2apk&hl=en&gl=us
09009B636CC5E7A91E92FD5422D168A1EAA6B47495E00739DAEA3D68B81C656B,com.asjgames.mobile,2,PUA.AndroidOS.Dataeye,96.59347629547119,9,None,None,None,None,None,None,None
22D28D2BC215F43A6CC0DAA7B22B2658C46B82C9369429357337508BFA8807A4,com.lwcx.lw028,2,"A Variant Of Android/Packed.TencentPro..., PUA.AndroidOS.Tencentprotect",96.19161796569824,23,Tools,"50,000+",15,2.7826087,False,steven liu,https://play.google.com/store/apps/details?id=com.lwcx.lw028&hl=en&gl=us
09509DE54153392FC539B67E19340D419594A7FB8351DF1A17B506A78702C6BB,com.gotryit.theredroid,2,Trojan-Spy.AndroidOS.Agent,0.27457141876220703,23,Music & Audio,"10,000+",9,3.875,False,GoTryIt,https://play.google.com/store/apps/details?id=com.gotryit.theredroid&hl=en&gl=us
0954EF92C1566EE62AD4E3E577F8DB47D7D580A1AB22E47FE47459E890BF1492,vengatech.com.liedboek,2,Trojan-Spy.AndroidOS.Agent,0.844365119934082,11,Video Players & Editors,"10,000+",0,0,False,Deneysdam,https://play.google.com/store/apps/details?id=vengatech.com.liedboek&hl=en&gl=us
2321C4CFED8D7E6A71990F2AB886B98DC0A16247E06E05D71886C2A810C59A9D,co.uk.ccm.randomridepicker,2,Trojan-Spy.AndroidOS.SMSSpy,1.8497610092163086,4,Travel & Local,"5,000+",5,3.9230769,False,Chris Cox Media,https://play.google.com/store/apps/details?id=co.uk.ccm.randomridepicker&hl=en&gl=us
0990BA7EC78020682A0673E81A2E57B08CB63BE0E73234C443BCA08C8F6C2415,com.companyname.hexaeightauth,2,"PUA.AndroidOS.Hacktool, TROJ_GEN.R002V01JB23",20.999948501586914,25,Productivity,10+,,,False,HexaEight Team,https://play.google.com/store/apps/details?id=com.companyname.hexaeightauth&hl=en&gl=us
2325BCD1B9460D842B1D7BA9730BC30FB51D24430C470907640CD2ACEF48B2D1,com.ycc365plus.aws,2,"Riskware/Application, PUA.AndroidOS.Dataeye, AdLibrary:Generisk",84.85261631011963,23,Tools,"5,000,000+",6597,3.3660352,True,cloudcam,https://play.google.com/store/apps/details?id=com.ycc365plus.aws&hl=en&gl=us
09D077DA067D3015961E3B5C7B707DEFA2580BC24A1D83EA45FDE3834B337FBD,com.kwai.video,2,"Android MarsDaemon (PUA), AdLibrary:Generisk",28.241215705871582,16,Video Players & Editors,"500,000,000+",8392,4.4865565,True,Joyo Technology Pte Ltd,https://play.google.com/store/apps/details?id=com.kwai.video&hl=en&gl=us
23BDCD3A68153F7FEFD9918C810CA45BA4109213023E398C28B021FA25A38CA7,com.yyt.trackino,2,"A Variant Of Android/Packed.TencentPro..., Riskware/Application!Android, PUA.AndroidOS.Tencentprotect, Adware (00595cfd1), AppRisk:Generisk",0.0,,Tools,"10,000+",0,0,False,Trackino Watch,https://play.google.com/store/apps/details?id=com.yyt.trackino&hl=en&gl=us
2466BBC72F8EE6836ECD22770FE65DCAE5C335F81B6F78C11D4DF38C449B96DB,com.kwai.video,2,"Android MarsDaemon (PUA), AdLibrary:Generisk",29.253368377685547,16,Video Players & Editors,"500,000,000+",8392,4.4865565,True,Joyo Technology Pte Ltd,https://play.google.com/store/apps/details?id=com.kwai.video&hl=en&gl=us
09F160988025C302ACCAC9547D0401AF7546828CEF4F69D32B6E82FF9C480533,com.thehot.haloswan,2,None,56.96924304962158,21,Tools,"10,000,000+",7949,4.6202617,True,Halo Online,https://play.google.com/store/apps/details?id=com.thehot.haloswan&hl=en&gl=us
09FDCA79DFB030B9852E8F145CC95BAB24E6A41A4010A61419F3D2D67CA59409,com.kuyi.funride,2,"Riskware/PackagingUntrustworthy.Jiagu, PUA.AndroidOS.Jiagu",62.30382251739502,23,Tools,"5,000+",,,False,Kuyi Tech,https://play.google.com/store/apps/details?id=com.kuyi.funride&hl=en&gl=us
0A1A5DB42BD4972BBCECE984B011E325A592382B94BB5C9BACF3746F7D91147D,com.tgelec.kidiwatch,2,"A Variant Of Android/Packed.TencentPro..., Riskware/Application!Android, PUA.AndroidOS.Tencentprotect, Adware (00595cfd1), AppRisk:Generisk",48.17828178405762,19,Education,"100,000+",14,3.5172415,False,kidiwatch,https://play.google.com/store/apps/details?id=com.tgelec.kidiwatch&hl=en&gl=us
0AC84F757215C58C2786F7ECEEA5EE0958C0BCEB5480F3DE010014980351C7BB,appinventor.ai_matsonjl.SMG_Meter_07_12_2019_copy,2,Trojan.AndroidOS.Obfus,4.305471420288086,21,None,None,None,None,None,None,None
0B9FD147202CAB302C4A1E0F83379BBDE840ADF496CC13BCEB5554A8A2BB2ED2,com.lifeplus.diveplus,2,"A Variant Of Android/Packed.TencentPro..., PUA.AndroidOS.Tencentprotect",98.05535507202148,21,Sports,"100,000+",379,4.53,False,"Life Plus Tech (Shenzhen) Co., Ltd.",https://play.google.com/store/apps/details?id=com.lifeplus.diveplus&hl=en&gl=us
261174ED5BD681055DEE52503349EC2B21D385CBA3C4212A7F13B7853866420B,com.qiyuansz.fifish,2,"Riskware/PackagingUntrustworthy.Jiagu, PUA.AndroidOS.Jiagu, AdLibrary:Generisk",61.64306831359863,21,Photography,"10,000+",8,3.0769231,False,QYSEA,https://play.google.com/store/apps/details?id=com.qiyuansz.fifish&hl=en&gl=us
0BC167335F1F593ECD96CC06043241B2CBFD87D6F3DC511FABF9CE8C5B5F6B40,barnasoba.chromatic,2,None,31.477209091186523,21,Tools,"10,000+",0,0,True,BarnaSoba,https://play.google.com/store/apps/details?id=barnasoba.chromatic&hl=en&gl=us
26149C983B76C67F87FC29F28266F768B9B9F0683295C7E50AD3E9713B3BF957,com.couplower.yue,2,"A Variant Of Android/Packed.TencentPro..., PUA.AndroidOS.Tencentprotect",24.31594753265381,16,Entertainment,"1,000+",0,0,False,BeijingCouplowerTech -ChineseOperaTraditionalMusic,https://play.google.com/store/apps/details?id=com.couplower.yue&hl=en&gl=us
278CC163A3F15344D96F40F761E2B7F9D075EBA3446A29D8161EBDA280748A3F,com.project.WhiteCoat,2,Trojan-Spy.AndroidOS.Agent,0.0,,Medical,"500,000+",8,3.9333334,False,WhiteCoat,https://play.google.com/store/apps/details?id=com.project.WhiteCoat&hl=en&gl=us
0DD61CB1F71AE9AFF6A8DC67DEA84CBD0317E3AEF95C875A8E022EC8267EF695,com.ddrmic.penaltyworldcupbrazil2014,2,Trojan-Spy.AndroidOS.Agent,8.677303314208984,14,Sports,"100,000+",28,3.90099,True,26Games,https://play.google.com/store/apps/details?id=com.ddrmic.penaltyworldcupbrazil2014&hl=en&gl=us
0E667B936058F63A23D5FED9614A7295CA4B9ECD4AE54AA5FA07B6F9C7157522,com.cnki.android.cnkiexpress.ocean,2,"A Variant Of Android/Packed.TencentPro..., PUA.AndroidOS.Tencentprotect",76.27427291870117,21,Education,"10,000+",2,2.7142856,False,CNKI,https://play.google.com/store/apps/details?id=com.cnki.android.cnkiexpress.ocean&hl=en&gl=us
280AE6EC81C9B72B4381F9A179330DE245AFE3A48B499AE6227310F4E4E9ABD8,com.dacamu74.ACTIBASKET,2,AndroidOS.Evo,5.534364700317383,21,Sports,100+,,,False,Lopeses,https://play.google.com/store/apps/details?id=com.dacamu74.ACTIBASKET&hl=en&gl=us
0F3C5767CE8818265193F277A0EF380F24A0CABAB46708F069760E536D520F4A,com.kbzbank.kpaycustomer,2,AdLibrary:Generisk,53.42967700958252,19,Finance,"10,000,000+",1086,4.4168797,True,KBZBANK.COM,https://play.google.com/store/apps/details?id=com.kbzbank.kpaycustomer&hl=en&gl=us
287B6F2C6397416520E661BB3F1CB55F0C36CAB7438953DEC2796EA5BF6F11CD,com.supradev.briloerp,2,Trojan.AndroidOS.Hiddad,18.260610580444336,15,Productivity,500+,,,False,SupraDev,https://play.google.com/store/apps/details?id=com.supradev.briloerp&hl=en&gl=us
0FE9BF614FAA68A14E5D739163533A2C80411F5C6DAE3D459A69E2AEE28E513C,com.hoonik.english,2,Trojan-Spy.AndroidOS.Agent,9.632023811340332,5,Education,"50,000+",18,4.652174,False,Hoonik,https://play.google.com/store/apps/details?id=com.hoonik.english&hl=en&gl=us
107F0F6E316DF01FB4C62C2671941304C474BA8F2E2F13C1B4855968156678AE,com.alinma.pay.consumer,2,AndroidOS.Evo,46.808417320251465,22,Finance,"500,000+",75,4.16,False,Alinma Bank,https://play.google.com/store/apps/details?id=com.alinma.pay.consumer&hl=en&gl=us
1155FC5D3EA8FFF10600DDD9696B635CE626F4C1805014A7A735C941AF3ACCA7,com.ddrmic.yambmp,2,Trojan-Spy.AndroidOS.Agent,11.986044883728027,14,Board,"100,000+",0,0,True,26Games,https://play.google.com/store/apps/details?id=com.ddrmic.yambmp&hl=en&gl=us
2963E47D7BEB2FD85B26CA771BAC3205665F1E71B08BE452CB8705540FF3C0B0,com.deliberty.primebox,2,Trojan-Spy.AndroidOS.Agent,14.115492820739746,5,Tools,100+,,,False,Deliberty Prime Mailbox,https://play.google.com/store/apps/details?id=com.deliberty.primebox&hl=en&gl=us
118B0A0B73D2059E8222953A19FE1430E58379F37511BB35EF848EAB2D4AE22C,app.rosario.it,2,None,21.181053161621094,22,Lifestyle,"5,000,000+",3339,4.7260275,False,Marcello Pietrelli,https://play.google.com/store/apps/details?id=app.rosario.it&hl=en&gl=us
2AA2B48A87CCEE7FABE4353FD30D5A52D81D4D07B66BD4303F53C1F6677E8FFA,cb56.ScreenTimeout,2,Trojan-Spy.AndroidOS.Agent,0.48535633087158203,9,Tools,"1,000+",0,0,False,cb56,https://play.google.com/store/apps/details?id=cb56.ScreenTimeout&hl=en&gl=us
124B59E0D0B52EB74D03B91D7D03DC90699702C5DA8D7AD7056A4A3B74F015FD,shamimsoft.shamimyas,2,None,6.106378555297852,9,Productivity,"1,000,000+",804,4.2312927,True,ShamimSoft,https://play.google.com/store/apps/details?id=shamimsoft.shamimyas&hl=en&gl=us
13B12D561F5F6916A330C0635EF42852B5D7D894929890DC1768DEF202114880,com.joyreading.wehear,2,AdLibrary:Generisk,35.2857084274292,23,Books & Reference,"1,000,000+",44722,4.386998,False,STAR READING LIMITED,https://play.google.com/store/apps/details?id=com.joyreading.wehear&hl=en&gl=us
2C338A77F0EFF6B811433351889D2574CDB6F56D93E6806FFE03FCDE2F8C863F,in.odiaportal.odiajataka,2,"Phishing.HTML.Doc, URL/Phish.AJU.gen!Eldorado",11.500831604003906,23,Lifestyle,"100,000+",0,0,True,OdiaPortal Lab,https://play.google.com/store/apps/details?id=in.odiaportal.odiajataka&hl=en&gl=us
2C51987AC19F73FDE30043CD6114540EAC2AAC3FB85B18CD08850A0567A4C5A3,com.qianyan2.ting.de,2,"PUA.AndroidOS.Tencentprotect, Adware (0052b8671)",81.76724910736084,21,Education,"10,000+",6,4.1666665,False,欧路软件,https://play.google.com/store/apps/details?id=com.qianyan2.ting.de&hl=en&gl=us
2CB095CA1396551AE46103574BA6470D258614142EED784D71E4B7795662165B,com.lawnstarter.pros,2,Trojan-Spy.AndroidOS.Agent,54.74668598175049,21,Tools,"50,000+",1377,4.10728,False,LawnStarter,https://play.google.com/store/apps/details?id=com.lawnstarter.pros&hl=en&gl=us
145ADA450E95C53673C6C674BB20A1F40C3D0B946F53C92F2AFD4D2F7ADC048F,com.qianyan.dehelper,2,"PUA.AndroidOS.Tencentprotect, Adware (0052b8671)",61.79948329925537,21,Education,"50,000+",21,3.6585367,False,QIANYAN NETWORK,https://play.google.com/store/apps/details?id=com.qianyan.dehelper&hl=en&gl=us
2CEBE434ED178C6F2ED1B281AA262DAF4F5743FA267BAFFAFB1E7057A258A415,com.kwai.video,2,"Android.MarsDaemon.Af97d (PUP), Android MarsDaemon (PUA), AdLibrary:Generisk",0.0,,Video Players & Editors,"500,000,000+",8392,4.4865565,True,Joyo Technology Pte Ltd,https://play.google.com/store/apps/details?id=com.kwai.video&hl=en&gl=us
14AC97388908279AF51B99EF3A4E6CE65160A486FD0EF8D00169E23AF45FFE21,com.aignes.wsw,2,Trojan-Spy.AndroidOS.Agent,2.3602218627929688,17,Productivity,"10,000+",7,3.8333333,False,Aignesberger Software GmbH,https://play.google.com/store/apps/details?id=com.aignes.wsw&hl=en&gl=us
2D1704971F9B4588D4EA6A78420FE3D6082F21BE84111DEF8CA8CA568B678659,com.netease.mrzhna,2,Trojan-Spy.AndroidOS.Agent,66.11031913757324,16,Role Playing,"10,000,000+",29728,3.5943751,False,NetEase Games,https://play.google.com/store/apps/details?id=com.netease.mrzhna&hl=en&gl=us
2D1D76CAEF282E40AE76FCAD2FFA94BD18690ABD652E804A6562AE9020345109,com.mkapps.virtualtrading,2,AndroidOS.Evo,10.869661331176758,21,Finance,"1,000,000+",24,3.5671642,True,KavKrish Apps,https://play.google.com/store/apps/details?id=com.mkapps.virtualtrading&hl=en&gl=us
2D59A689D64F7AF69B149BE35568C0B74E4C69D81484ACB5CB9E81DFFB65E9C1,name.obrien.dave.kaleida,2,Trojan-Spy.AndroidOS.Agent,0.7927074432373047,19,Art & Design,"5,000+",,,False,Dave O'Brien,https://play.google.com/store/apps/details?id=name.obrien.dave.kaleida&hl=en&gl=us
2DCAAAEB1569E3F753CB58388C9CAA19A294E51CB8C6B6196F4D26586047926C,com.gogomath.app,2,Trojan.AndroidOS.Hiddad,0.0,,Education,"100,000+",143,4.5588236,False,Learn For Fun,https://play.google.com/store/apps/details?id=com.gogomath.app&hl=en&gl=us
15C52213250ECBE4D72C6FEEB5B8B8F0704835EEFD9B6F935A96FC9FD79DCF0E,com.abiss.roem,2,None,73.04188060760498,21,Role Playing,"500,000+",451,4.0140843,True,Com2uS Holdings,https://play.google.com/store/apps/details?id=com.abiss.roem&hl=en&gl=us
2E1D4E980AD8DBFABD430D46C9229EE04E9959DA60B255FF3D4C880176361592,co.uk.bm4f.rideguesser,2,Trojan-Spy.AndroidOS.Agent,3.864781379699707,16,Travel & Local,"10,000+",10,3.1538463,False,Chris Cox Media,https://play.google.com/store/apps/details?id=co.uk.bm4f.rideguesser&hl=en&gl=us
15F4DFFBBB9826762117802BC9225193EF0A474D327F89183ECBE7C5D2F9C90E,com.workingbytes4u.machinist.helper.free,2,Trojan-Spy.AndroidOS.Agent,3.30074405670166,9,Tools,"50,000+",27,3.8035715,True,workingbytes4u,https://play.google.com/store/apps/details?id=com.workingbytes4u.machinist.helper.free&hl=en&gl=us
2E21E23EF46D9C4773EAEEF05749491C8E032C7F134EF6011A3D922A7DA693FE,com.shanghaidaily.shine,2,Trojan-Dropper.AndroidOS.Agent,37.069029808044434,21,News & Magazines,"10,000+",0,5,True,Shanghai Daily,https://play.google.com/store/apps/details?id=com.shanghaidaily.shine&hl=en&gl=us
2EC0C2DF0F834A5A863C4E326CCA06DE66A4A5669B2E59EC8BA4A7C6F412E64A,com.kwai.video,2,"Android MarsDaemon (PUA), AdLibrary:Generisk",0.0,,Video Players & Editors,"500,000,000+",8392,4.4865565,True,Joyo Technology Pte Ltd,https://play.google.com/store/apps/details?id=com.kwai.video&hl=en&gl=us
17FB60F59D5AB15FAB02945701E912CBA850E7064D4F2A7525F3DF99153FAF9F,com.dacamu74.ACTIBASKET,2,AndroidOS.Evo,6.549989700317383,21,Sports,100+,,,False,Lopeses,https://play.google.com/store/apps/details?id=com.dacamu74.ACTIBASKET&hl=en&gl=us
2FAC4201477CD6AE5FBABE0C269D917EBAFB173DD4F484A59C2D2ECBFDF6D3CA,com.yc.pedometer,2,None,0.0,,Health & Fitness,"1,000,000+",1695,3.040678,False,Smart Wear,https://play.google.com/store/apps/details?id=com.yc.pedometer&hl=en&gl=us
302ADA10BC989E4DA5680DA66507A7845E429E1891AB2E474DAD5A9AE79BBEFA,cl.walmart.liderapp,2,Trojan-Banker.AndroidOS.Ermac,45.2169771194458,21,Shopping,"1,000,000+",46,3.148148,False,Walmart Chile,https://play.google.com/store/apps/details?id=cl.walmart.liderapp&hl=en&gl=us
302CEE2916BF52FF22A4D85B2543F443810544C46CB1CF3332902C6E16222A28,org.pbskids.gamesapp,2,Trojan.AndroidOS.Agent,70.19915103912354,22,Educational,"10,000,000+",11565,4.343167,False,PBS KIDS,https://play.google.com/store/apps/details?id=org.pbskids.gamesapp&hl=en&gl=us
1916052011DC8571318294199390366F000DDA5EBA146A81CEB5B08F61BA68CF,com.pahina.reader,2,AndroidOS/Agent.DT.gen!Eldorado,45.80086135864258,21,Books & Reference,"5,000,000+",134,4.72,False,CRATER PTE. LTD.,https://play.google.com/store/apps/details?id=com.pahina.reader&hl=en&gl=us
19A93F2C43933F1B943D75EDB471F7BB38BEBA605F8355848E0572B2E8736A97,uk.co.buzzinteractive.appforcornwall,2,PUA.JS.Widgetbox,21.531203269958496,24,Travel & Local,"50,000+",0,0,False,Buzz Interactive,https://play.google.com/store/apps/details?id=uk.co.buzzinteractive.appforcornwall&hl=en&gl=us
19B3C283B02B627DA6CFEDD2EA6CF1A14A7DBEA1237BD0E14651C5FD8AC9A25C,br.com.aplicativosejogos.textosdeamor,2,None,11.407550811767578,24,Lifestyle,"500,000+",0,0,True,Aplicativos e Jogos,https://play.google.com/store/apps/details?id=br.com.aplicativosejogos.textosdeamor&hl=en&gl=us
1A9BF9EABCBD0E8FB07C67FCC4131F904B0183F94B6393814E41ED869A2641E4,com.blurams.ipc,3,"Riskware/PackagingUntrustworthy.Jiagu, PUA.AndroidOS.Jiagu, Trojan (0052d661), AppRisk:Generisk",73.34428977966309,21,Video Players & Editors,"100,000+",5766,4.627728,False,"Hangzhou Vision Insight Technology Co.,Ltd.",https://play.google.com/store/apps/details?id=com.blurams.ipc&hl=en&gl=us
1B07D9F74D1F37072C571BCC83E128354F6E64F41A04922F2E7106E4935F1999,com.aeonstores.app,3,"A Variant Of Android/Packed.Jiagu.D Pot..., PUA.AndroidOS.Jiagu, Trojan (0052d661)",38.32008361816406,19,Shopping,"100,000+",,,False,"AEON Stores (Hong Kong) Co., Ltd",https://play.google.com/store/apps/details?id=com.aeonstores.app&hl=en&gl=us
00D219EEEB874BCC341869EF45C794E382AA3614CB90752BE5172543F4886F68,com.forwell.bledim,3,"Trojan/Generic.ASMalwAD.F91, Artemis!B1C00C58A84A, A Variant Of Android/Packed.Jiagu.D Pot..., Riskware/PackagingUntrustworthy.Jiagu..., PUA.AndroidOS.Dataeye, Trojan (0052d661), Android.resharer.n, AppRisk:Generisk",5.071794509887695,21,Tools,"100,000+",358,3.34,False,Peter Poon,https://play.google.com/store/apps/details?id=com.forwell.bledim&hl=en&gl=us
1B55E9BD0E523F66139A7811076B0F1B960F7ED0C656EB2DDA184C140B4554E9,com.blurams.ipc,3,"PUA.AndroidOS.Jiagu, Trojan (0052d661), AdLibrary:Generisk",45.26825141906738,21,Video Players & Editors,"100,000+",5766,4.627728,False,"Hangzhou Vision Insight Technology Co.,Ltd.",https://play.google.com/store/apps/details?id=com.blurams.ipc&hl=en&gl=us
1BD00DB9F98B4F3BBF3F79A438AF50A9D241ADAD22A12A8D363F02E1A592C3DF,com.lomolsoft.language.learnhungarian,3,"A Variant Of Android/Packed.Jiagu.H Pot..., PUA.AndroidOS.Jiagu, Trojan (00581e471)",0.0,,Education,"5,000+",0,0,True,lomol language,https://play.google.com/store/apps/details?id=com.lomolsoft.language.learnhungarian&hl=en&gl=us
1C4A01582AE49DF4C892F585386B6ED0FFB6F6489F4C428634A54958578B6892,com.cazaayan.bse.mobile,3,"Malware.U.GenericMC.cc, Trojan.AndroidOS.dav, AdLibrary:Genrisk",14.730685234069824,21,Finance,"1,000,000+",244,4.36,True,BSE Limited,https://play.google.com/store/apps/details?id=com.cazaayan.bse.mobile&hl=en&gl=us
1CEFF81546664D4EA1F1B686205E0EBCDB249C25C767F0694EA8E100E8359D68,com.swftcoin.client.android,3,"Riskware/PackagingUntrustworthy.Jiagu..., AdLibrary:Generisk",79.95366954803467,21,None,None,None,None,None,None,None
1D0458E9C2EC9939D7E7127739BE6D9E30F7A062406846CB948967905759BA9C,com.lwcx.lw047,3,"A Variant Of Android/Packed.TencentPro..., PUA.AndroidOS.Tencentprotect, Riskware/Application!Android",84.8681230545044,23,Tools,"100,000+",46,3.0625,False,steven liu,https://play.google.com/store/apps/details?id=com.lwcx.lw047&hl=en&gl=us
02515B1154BD5D878E667D493DF346B4C39EA5C47D07F5C528625FC321F42F28,com.closeli.eyeplus,3,"PUA.AndroidOS.Jiagu, AdLibrary:Generisk",84.84198665618896,23,Tools,"100,000+",396,3.76,True,"Hangzhou Denghong Technology Co., Ltd.",https://play.google.com/store/apps/details?id=com.closeli.eyeplus&hl=en&gl=us
04B55C05DA0CC75BCEDEE5A61289B8C6DA73764F0421FD2A6D478B593873FEF9,com.yxhjandroid1.uhouzz,3,"A Variant Of Android/Packed.Jiagu.H Pot..., PUA.AndroidOS.Jiagu, Riskware/PackagingUntrustworthy.Jiagu...",94.9463005065918,21,None,None,None,None,None,None,None
1F74DA3BFAE3380E3CA6DD1C01F62C2064DA32C545D9B6853B8624F3A4481801,com.dc.endoscope,3,"A Variant Of Android/Packed.Jiagu.D Pot..., Trojan (0052d661), Riskware/PackagingUntrustworthy.Jiagu...",50.83681106567383,21,None,None,None,None,None,None,None
0616132048A34DA92A0407DAD8051B17D01BB367CB9A061D0EDC9688464DEB79,com.daoke.ar,3,"PUA.AndroidOS.Jiagu, Trojan (0052d661), Android.WIN32.Robtes.dc",22.76473617553711,19,Books & Reference,"5,000,000+",5,4.090909,False,China Intercontinental Press,https://play.google.com/store/apps/details?id=com.daoke.ar&hl=en&gl=us
20A778F1104627C0FD0C7401A1DCEF1AF435C2D6A17526545843A5C659EF896B,com.qr.indonesia,3,AdLibrary:Generisk,39.615336418151855,21,None,None,None,None,None,None,None
21A4821E90BB5E1829894CF9E468BBE92017E77AC567152CA995B39B41D0C250,com.yxhjandroid1.uhouzz,3,"Riskware/PackagingUntrustworthy.Jiagu..., AppRisk:Generisk, PUA.AndroidOS.Tencentprotect",0.0,,None,None,None,None,None,None,None
224153A378EB468B04763CDA9F1A3888C1FE1AD070291CF2E147427FEF27B746,creativity.intelligence.application.sidus.link,3,"Trojan/Generic.ASMalwAD.B, AdLibrary:Generisk",0.0,,Tools,"100,000+",198,4.18,False,Sidus Link Ltd.,https://play.google.com/store/apps/details?id=creativity.intelligence.application.sidus.link&hl=en&gl=us
09A412A3FE89B5D79B6320F5285C5856F41A9B9FB2C74672A9D3B97EA7D83B0A,com.coinpusher.wawa,3,"Riskware/PackagingUntrustworthy.Jiagu..., AdLibrary:Generisk",91.79397296905518,21,Arcade,"10,000+",54,3.98,False,online coin pusher,https://play.google.com/store/apps/details?id=com.coinpusher.wawa&hl=en&gl=us
09CD6CB943D00DA5DD7DBD72B8168CCD3AB2ED22F9E0696B3AF49C792DF76AB4,com.yxhjandroid1.uhouzzdis,3,"Riskware/PackagingUntrustworthy.Jiagu..., Trojan-Dropper.AndroidOS.Agent, AdLibrary:Generisk",93.53748607635498,21,Tools,"100,000+",5,4.2222223,False,uhomes.com,https://play.google.com/store/apps/details?id=com.yxhjandroid1.uhouzzdis&hl=en&gl=us
239667588D66CC16F6E1A9B06135E10757899D8C78F4CE7384AF25C4A2C6D4CC,com.dreame.reader,3,"Detected, Trojan-Dropper.AndroidOS.Agent, AndroidOS/Agent.DT.gen!Eldorado",0.0,,Books & Reference,"10,000,000+",76932,4.2616115,False,Dreame Media,https://play.google.com/store/apps/details?id=com.dreame.reader&hl=en&gl=us
2550EFD5EA3F9AC751B787F15630D240A28F0995328A0007720B43562A8958E7,com.jpnight.app,3,"Riskware/PackagingUntrustworthy.Jiagu..., AdLibrary:Generisk",64.53353023529053,21,Lifestyle,"10,000+",0,0,False,株式会社JAPAN NIGHT,https://play.google.com/store/apps/details?id=com.jpnight.app&hl=en&gl=us
25936DF2CC0E4ED0F0D271DC8F484C7388BAC55B2A988646DCB8396BE97C781C,com.card.carddiary,3,"A Variant Of Android/Packed.Jiagu.D Pot..., Riskware/PackagingUntrustworthy.Jiagu..., Trojan (0052d661)",0.0,,Lifestyle,"50,000+",59,4.15,False,Oak Apps Studio,https://play.google.com/store/apps/details?id=com.card.carddiary&hl=en&gl=us
0BD886C6E8A6FA90340EC5EAB4170401705E51AF07BA6E782C4D1CCD6CBFC652,com.zuzuChe,3,"Riskware/PackagingUntrustworthy.Jiagu, AdLibrary:Generisk",98.49155139923096,21,Travel & Local,"100,000+",23,4.3333335,False,zuzuChe.com,https://play.google.com/store/apps/details?id=com.zuzuChe&hl=en&gl=us
0C8785EED1A921AFA7E192A5FED8DEF187BB4E891A9C070F14DAFFEF17F79EA9,com.noise.fit.ace,3,"Riskware/PackagingUntrustworthy.Jiagu, PUA.AndroidOS.Jiagu, AdLibrary:Genrisk",89.83707332611084,21,Health & Fitness,"100,000+",2,4.1666665,False,Noise,https://play.google.com/store/apps/details?id=com.noise.fit.ace&hl=en&gl=us
0CC3F1F7CC479857B21914ED79C489CAABEA0DC6E1DFE9B21134D9FD42951BBD,com.qianyan.dehelper,3,"Adware (0052b8671), AdLibrary:Generisk",66.15917587280273,21,Education,"50,000+",21,3.6585367,False,QIANYAN NETWORK,https://play.google.com/store/apps/details?id=com.qianyan.dehelper&hl=en&gl=us
2837A4166C2E6884119E451081EFEC223491CC8177CDFB6ECC92EB3693A333E0,com.sector.s.one,3,"Riskware/PackagingUntrustworthy.Jiagu, PUA.AndroidOS.Jiagu, AdLibrary:Generisk",101.86137580871582,21,None,None,None,None,None,None,None
28711F0B11F243F675CE4797989802005F8486B5CDCD20CDEB7B86D763B77A54,com.newellmediallc.live.hippo,3,"A Variant Of Android/Packed.Jiagu.H Pot, Trojan (0052d2661), PUA.AndroidOS.Jiagu",42.548004150390625,24,Social,"500,000+",39,2.44,False,iHello Inc.,https://play.google.com/store/apps/details?id=com.newellmediallc.live.hippo&hl=en&gl=us
2873C666BA20A54C7C09CCE96C907AA747001AFE24DE1C2073B421C06428C87B,com.ca.fantuan.customer,3,"Riskware/PackagingUntrustworthy.Jiagu, PUA.AndroidOS.Jiagu, AdLibrary:Generisk",89.62049102783203,21,Food & Drink,"100,000+",377,4.07,False,Just Order Enterprise Corp.,https://play.google.com/store/apps/details?id=com.ca.fantuan.customer&hl=en&gl=us
0FA1D9C3A2E3A6C1D7BDAB69D33DF7EC1D5F8B613E215F70DDC71CDAB65377DD,com.qianyan2.ting.es,3,"Trojan.AndroidOS.Hiddad, TROJ_GEN.R002V0J1423, Adware (0052b8671)",71.11466312408447,21,Education,"10,000+",6,5,False,欧路软件,https://play.google.com/store/apps/details?id=com.qianyan2.ting.es&hl=en&gl=us
101AE6217698A8A9639BDFD13C30B6C4188AA6E92F4A9E365515BD3C5A6C4B0E,com.closeli.eyeplus,3,"A Variant Of Android/Packed.Jiagu.H Pot, PUA.AndroidOS.Jiagu, Riskware/PackagingUntrustworthy.Jiagu",66.28517055511475,23,Tools,"100,000+",396,3.76,True,"Hangzhou Denghong Technology Co., Ltd.",https://play.google.com/store/apps/details?id=com.closeli.eyeplus&hl=en&gl=us
28CBC519EEC2AFE1D06F4B1EF60C99ECEE8DAB1A7B8397CC0A150135AC46BE0F,com.dreame.reader,3,"AndroidOS/Agent.DT.gen!Eldorado, AdLibrary:Generisk",40.01062774658203,21,Books & Reference,"10,000,000+",76932,4.2616115,False,Dreame Media,https://play.google.com/store/apps/details?id=com.dreame.reader&hl=en&gl=us
11756D4B2A80ABE277FE9A96E42A06DE95DC81925D09BE16B727C8D44E870567,com.couplower.yue,3,"A Variant Of Android/Packed.Tencentprotect, PUA.AndroidOS.Tencentprotect, AdLibrary:Generisk",26.467764854431152,16,Entertainment,"1,000+",0,0,False,BeijingCouplowerTech -ChineseOperaTraditionalMusic,https://play.google.com/store/apps/details?id=com.couplower.yue&hl=en&gl=us
119E47FD4F156061DBA4473613BC7C94B8B091044755D2390E70286414D7C656,com.sfd.rondure_hump,3,"Adware (005321b21), Trojan.AndroidOS.Agent, AppRisk:Generisk",19.10304546356201,21,Tools,"1,000+",10,2.5384614,False,South Bay International,https://play.google.com/store/apps/details?id=com.sfd.rondure_hump&hl=en&gl=us
2B6A40F09AE2959F7A53899CEA26CDC57EBD4FD196FF9A5EF3A3AB7F7434B9C3,com.sma.smartv3,3,"Riskware/PackagingUntrustworthy.Jiagu, PUA.AndroidOS.Jiagu, AdLibrary:Generisk",0.0,,None,None,None,None,None,None,None
12F0C9B2289C2456CC908DB683E1A0F093F665618FEC886F1F75824908112685,vip.invit.anna,3,"Riskware/PackagingUntrustworthy.Jiagu, PUA.AndroidOS.Jiagu, AppRisk:Generisk",68.08181476593018,26,Personalization,"1,000,000+",735,4.29,False,"Hangzhou Lemi Network Technology Co., Ltd",https://play.google.com/store/apps/details?id=vip.invit.anna&hl=en&gl=us
2CA414340473F9E706848CC75EE3D8A58B1FBE33A8B0E60EE0BB30B877A7B8D5,com.my.acanet,3,"Trojan/Generic.ASMalwAD.D56, Android/Hary.33FEItr, AppRisk:Generisk",12.571663856506348,21,Education,"10,000+",,,True,ACANET (pty) LTD,https://play.google.com/store/apps/details?id=com.my.acanet&hl=en&gl=us
144218D0434552E6DA114B727CDC68F867AA6CD6B7597FF1B677DFDA1D20A82B,com.codingiot.co.fit,3,"Riskware/PackagingUntrustworthy.Jiagu, PUA.AndroidOS.Jiagu, AdLibrary:Generisk",0.0,,Health & Fitness,"500,000+",86,3.87,False,Shenzhen Coding IOT Technology Limited,https://play.google.com/store/apps/details?id=com.codingiot.co.fit&hl=en&gl=us
2CBCDDA3D9009C7AA0E0F67D6C6F1CE8066DCD43156998F011F43BBBA1995456,com.qianyan.eudic,3,"A Variant Of Android/Packed.Tencentprotect, PUA.AndroidOS.Tencentprotect, Riskware/Application!Android, Adware (0052b8671), AdLibrary:Generisk",64.77646350860596,21,Education,"100,000+",555,4.172414,False,QIANYAN NETWORK,https://play.google.com/store/apps/details?id=com.qianyan.eudic&hl=en&gl=us
2CDA9850E073E5212B28F569580C6DE667C8890751B0E0E43CADCF9297FE5B91,com.elamie1.rakroid,3,"Not-a-virus:HEUR:AdWare.AndroidOS.N..., AdLibrary:Generisk, Not-a-virus:HEUR:AdWare.AndroidOS.N...",12.917502403259277,15,Entertainment,"500,000+",76,4.207921,True,R & R,https://play.google.com/store/apps/details?id=com.elamie1.rakroid&hl=en&gl=us
14ACDE5B581C8031C81B199648DD65C8549B19920414D51B0CD9F6B85CF4B6EE,com.major.magicfootball,3,"Riskware/PackagingUntrustworthy.Jiagu, PUA.AndroidOS.Jiagu, Android.WIN32.Robtes.dc, AppRisk:Generisk",46.058316230773926,23,Sports,"10,000+",0,0,False,杭州冬蕾科技有限公司,https://play.google.com/store/apps/details?id=com.major.magicfootball&hl=en&gl=us
15810FC5837F5532B0348FC29557FE1E3872F909E01333CF6D9D8D25A09C5A8B,com.seetong.app.seetong,3,"Riskware/PackagingUntrustworthy.Jiagu, TROJ_GEN.R002V0J.D23, Trojan-Dropper.AndroidOS.Agent",70.69447898864746,23,Tools,"100,000+",22,4.2040815,False,Seetong,https://play.google.com/store/apps/details?id=com.seetong.app.seetong&hl=en&gl=us
2DB5C90C238F24C01074FF97ADB8B1C8777A36684BC6B6B3E10A775BB7ABA6F1,com.mixgo.ecopropc,3,"Riskware/PackagingUntrustworthy.Jiagu, PUA.AndroidOS.Jiagu, AdLibrary:Generisk",0.0,,House & Home,"1,000+",0,0,False,Mixgo Pte Ltd,https://play.google.com/store/apps/details?id=com.mixgo.ecopropc&hl=en&gl=us
15B63D95D5BB0C44F80E1D40E0A077BF44044F86F1C2B62B3AA7B5F4D7BCED46,com.tsci.egs,3,"A Variant of Android/Packed.Jiagu.D Pot..., Riskware/PackagingUntrustworthy.Jiagu, PUA.AndroidOS.Jiagu, AdLibrary:Generisk",0.0,,None,None,None,None,None,None,None
164A6D55572C8DDC25CC43E6AA0E8DF0751B8C7322D7313CEEAB98556AB279F6,com.kamoer.remoteAbroad,3,"A Variant of Android/Packed.Jiagu.D Pot..., Riskware/PackagingUntrustworthy.Jiagu, PUA.AndroidOS.Jiagu, Trojan (0052d2661), AdLibrary:Generisk",68.73583889007568,21,Tools,"10,000+",49,1.8070176,False,kamoerservice,https://play.google.com/store/apps/details?id=com.kamoer.remoteAbroad&hl=en&gl=us
166D69FB4F8F1532CEE6E82C669189F403E6FCD2C2F1DE73B2860112DB9356EE,com.arabhappy.voicechat,3,"AndroidOS/Jiagu.B.gen!Eldorado, Riskware/PackagingUntrustworthy.Jiagu, A Variant of Android/Packed.Jiagu.D Pot..., AppRisk:Generisk",0.0,,None,None,None,None,None,None,None
16E7655E59B6300C942B7046874066C58EBE9E693AC9FEA6AC18CEE70B784440,com.closeli.eyeplus,3,"Riskware/PackagingUntrustworthy.Jiagu, PUA.AndroidOS.Jiagu, AdLibrary:Generisk, TROJ_Gen.R002V01J423",64.41984367370605,23,Tools,"100,000+",396,3.76,True,"Hangzhou Denghong Technology Co., Ltd.",https://play.google.com/store/apps/details?id=com.closeli.eyeplus&hl=en&gl=us
1710F9B6FBA8F6B78E95C258A1E570129538FEF0A5228F4B6FF88D9F764A1761,com.newellmediallc.live.hippo,3,"A Variant Of Android/Packed.Jiagu.D Pot, Riskware/PackagingUntrustworthyJiagu..., Trojan (0052d2661)",43.04737854003906,24,Social,"500,000+",39,2.44,False,iHello Inc.,https://play.google.com/store/apps/details?id=com.newellmediallc.live.hippo&hl=en&gl=us
17C90C42DC54C6F2B2970F9ADC597B8D0E0E23739F0C1E966E3D0B2246206211,com.lomolsoft.language.learncroatian,3,"A Variant Of Android/Packed.Jiagu.H Pot, Riskware/PackagingUntrustworthyJiagu..., Trojan (00581e471)",43.376471519470215,19,Education,"5,000+",0,0,True,lomol language,https://play.google.com/store/apps/details?id=com.lomolsoft.language.learncroatian&hl=en&gl=us
18FEA43C717D7FB0CE663E4D63FAE97C1A1BC4481FB7928FE77D9108CD665274,com.qianyan2.ting.de,3,"Trojan.AndroidOS.Hiddad, Adware (0052b8671), TROJ_GEN.R002V01J423",81.69664478302002,21,Education,"10,000+",6,4.1666665,False,欧路软件,https://play.google.com/store/apps/details?id=com.qianyan2.ting.de&hl=en&gl=us
30A26B91F31D9221BB31EEB9B857F230FD491E2425252AD342D77B1FA71CD54E,appinventor.ai_kayipkayik.Maps,3,"AndroidOS.Evo, Win32.Troj.Admob.a",10.266382217407227,19,Tools,"1,000,000+",233,4.2,False,Quick Ways,https://play.google.com/store/apps/details?id=appinventor.ai_kayipkayik.Maps&hl=en&gl=us
1A53217EB65D51D6BB221ACCFF5E980E32E16E43F7D8474740A47145099092B8,com.qianyan2.frhelper,3,"Adware (0052b8671), TROJ_GEN.R002V01KB23",0.0,,Education,"10,000+",6,4.631579,False,QIANYAN NETWORK,https://play.google.com/store/apps/details?id=com.qianyan2.frhelper&hl=en&gl=us
1A8812BC583CD77C61EE641165A561C3F1828CE1EC41F3BFA8939B9515E24EE6,com.lomolsoft.dict.hedict,4,"A Variant Of Android/Packed.Jiagu.D Pot, PUA.AndroidOS.Jiagu, Trojan (005acc561)",56.60732460021973,19,Books & Reference,"5,000+",,,True,lomol language,https://play.google.com/store/apps/details?id=com.lomolsoft.dict.hedict&hl=en&gl=us
1C62374EAE79544BFACD47FD4EA6313619E2E6987C2DF23AE6FB71478FD6C4BB,com.economics168,4,"Riskware/PackagingUntrustworthy.Jiagu, PUA.AndroidOS.Jiagu, AdLibrary:Generisk",0.0,,News & Magazines,"10,000+",12,4.2380953,True,FX168 Finance Group Holding Inc.,https://play.google.com/store/apps/details?id=com.economics168&hl=en&gl=us
1CE8B67EE4F34D8A6E6F8AC8713BFFCB6D8F09102F6CAD100308881FF324964A,com.segwaydiscovery.blackhole.launcher,4,"A Variant Of Android/Packed.Jiagu.H Pot, Riskware/PackagingUntrustworthy.Jiagu, Trojan (0052d2661), Android.resharer.n",67.41427707672119,22,None,None,None,None,None,None,None
1CF0BDEA7AB44EB59F3D4A046D5AF95C0B6FD9BE5410C2C389ED60964BAFC6A0,com.finetpro,4,"A Variant Of Android/Packed.Jiagu.D Pot, Riskware/PackagingUntrustworthy.Jiagu, PUA.AndroidOS.Gifshell, Trojan (0052d2661), AppRisk:Generisk",31.400758743286133,23,News & Magazines,"1,000+",,,True,Finet Holdings Ltd.,https://play.google.com/store/apps/details?id=com.finetpro&hl=en&gl=us
02B94928D67D4332E5822551565CAC0F538786E363B5C88ADFCDC5FA3AC4D017,com.lomolsoft.language.learnpersian,4,"A Variant Of Android/Packed.Jiagu.D Pot, Trojan (0052d2661), Riskware/PackagingUntrustworthy.Jiagu, AppRisk:Generisk, Android.resharer.n, PUA.AndroidOS.Jiagu",58.497565269470215,19,Education,"10,000+",13,4.6086955,True,lomol language,https://play.google.com/store/apps/details?id=com.lomolsoft.language.learnpersian&hl=en&gl=us
030E96078A1F51ECFDA52B45AE14BBB14DA688B71081CE54603BE3EC7CC09B87,com.lomolsoft.language.learnczech,4,"A Variant Of Android/Packed.Jiagu.D Pot, Trojan (0052d2661), AppRisk:Generisk, Riskware/PackagingUntrustworthy.Jiagu..., PUA.AndroidOS.Jiagu",39.606940269470215,19,Education,"5,000+",0,0,True,lomol language,https://play.google.com/store/apps/details?id=com.lomolsoft.language.learnczech&hl=en&gl=us
039F18DCD6DA69C78F467773CC539B81F4EDF39DF203248ED8A0ED0A50FF3566,com.ultrapower.roamwifi.changitravel,4,"A Variant Of Android/Packed.Jiagu.H Pot, PUA.AndroidOS.Jiagu, Trojan (0052d2661), Riskware/PackagingUntrustworthy.Jiagu...",51.46324443817139,23,Travel & Local,"50,000+",0,0,False,Changi Travel Services Pte Ltd,https://play.google.com/store/apps/details?id=com.ultrapower.roamwifi.changitravel&hl=en&gl=us
1E1BAEDD9C891CCECFDA3C44403FC1939A7F4E58718206F4906DA1496CE2EDE3,vip.invit.anna,4,"A Variant Of Android/Packed.TencentPro..., PUA.AndroidOS.Tencentprotect, Riskware/ApplicationAndroid, AppRisk:Generisk",62.53435516357422,24,Personalization,"1,000,000+",735,4.29,False,"Hangzhou Lemi Network Technology Co., Ltd",https://play.google.com/store/apps/details?id=vip.invit.anna&hl=en&gl=us
03B6EBB3E4FA431476FC2DE565D1F27464CD0888AC06A9551DB036CBD08EEE1E,com.thehot.halovpnpro,4,"A Variant Of Android/Packed.TencentPro..., PUA.AndroidOS.Tencentprotect, Riskware/ApplicationAndroid, AppRisk:Generisk",83.31046104431152,23,Tools,"5,000,000+",3422,4.5943537,True,Halo Online,https://play.google.com/store/apps/details?id=com.thehot.halovpnpro&hl=en&gl=us
045FB01901FACD54184B0C6B356D8B8C211395223582B9E6328C32C06D82F9DC,com.icomon.skipJoy,4,"Trojan/Generic.ASMalwAD.7, Riskware/PackagingUntrustworthy.Jagu..., A Variant Of Android/Packed.Jiagu.D Pot..., Trojan ( 0052d2661 ), Artemis, PUA.Win32/Puwaders.Clml!, AppRisk:Generisk",84.22629737854004,21,Health & Fitness,"10,000+",11,2.75,False,ICOMON,https://play.google.com/store/apps/details?id=com.icomon.skipJoy&hl=en&gl=us
0556E17A9892691512447C4E89D8D8C392E8746155468C6BC4A85DDEBCB76DE4,com.banofinancial.app,4,"AndroidOS/Jiagu.B.gen!Eldorado, Riskware/PackagingUntrustworthy.Jiagu..., PUA.AndroidOS.Jiagu, Android.resharer.n, Android.PUA.General, A Variant Of Android/Packed.Jiagu.H Pot..., Trojan (0052d2661), AppRisk:Generisk",47.413997650146484,21,Finance,"10,000+",2,2.5,False,BANO PTY LTD,https://play.google.com/store/apps/details?id=com.banofinancial.app&hl=en&gl=us
05744341A9B46C7C8439D8AC4BF3B76679C4A04AAB68A09F6CC77313CEAB4A3C,com.foreigncurrency.internationalfxeye,4,"Riskware/PackagingUntrustworthy.Jiagu..., PUA.AndroidOS.Jiagu, AdLibrary:Generisk",93.69106864929199,19,Business,"1,000,000+",270,4.25,False,WikiGlobal,https://play.google.com/store/apps/details?id=com.foreigncurrency.internationalfxeye&hl=en&gl=us
20A95375B51FC9C3028E9A543DF7F4A9A4DA974E3B76F504ABC92EF78CE385DF,com.hopeway.cam.hidvcam,4,"Adware (0052d1b21), AppRisk:Generisk",72.86444091796875,19,Tools,"500,000+",361,2.81,False,hopeway,https://play.google.com/store/apps/details?id=com.hopeway.cam.hidvcam&hl=en&gl=us
07CD496037AE25FE132C0C4D7BD49742A8754AAC7D42839A96B62736054F6EB3,com.seraphic.openinet.pre,4,"AndroidOS/Jiagu.B.gen!Eldorado, Riskware/PackagingUntrustworthy.Jiagu..., PUA.AndroidOS.Jiagu, Android.resharer.n, Generic Reputation PUA (PUA), Android.PUA.General, A Variant Of Android/Packed.Jiagu.H Pot..., Adware (005960001), Phishing.Generic-HTML.Save.u, AppRisk:Generisk",15.063943862915039,24,Entertainment,"1,000,000+",33,3.258427,True,MetaX,https://play.google.com/store/apps/details?id=com.seraphic.openinet.pre&hl=en&gl=us
21DE132B5A7F8C917F2756C5FCC9A4F7B560767A6729A583B4A9DA41A99A3F2C,com.project.WhiteCoat,4,AdLibrary:Generisk,74.94945430755615,21,Medical,"500,000+",8,3.9333334,False,WhiteCoat,https://play.google.com/store/apps/details?id=com.project.WhiteCoat&hl=en&gl=us
2229E38EE0AE1A4C7597A323B680137E2EAE00E29279B1AA9EAADCE90EBEE967,com.lomolsoft.language.learnestonian,4,"A Variant Of Android/Packed.Jiagu.D Pot..., AppRisk:Generisk, Trojan (0058e471)",0.0,,Education,"5,000+",0,0,True,lomol language,https://play.google.com/store/apps/details?id=com.lomolsoft.language.learnestonian&hl=en&gl=us
08FA73DD95B9598ACB90FBA9F486D4D80CC5958C8C5AD3B52FFA8960A76B1CDB,com.lwcx.lw051,4,"A Variant Of Android/Packed.TencentPro..., PUA.AndroidOS.Tencentprotect, AppRisk:Generisk, Riskware/Application/Android, Adware (0059cfd1)",73.40088558197021,23,Tools,"10,000+",2,4,False,junyitoy,https://play.google.com/store/apps/details?id=com.lwcx.lw051&hl=en&gl=us
230DAD62BB3A8612F39F8BE5DF8641E18A474729F2506D1B1F5656B0DD60A246,com.codingiot.co.fit,4,"Riskware/PackagingUntrustworthy.Jiagu..., AdLibrary:Generisk, PUA.AndroidOS.Jiagu",0.0,,Health & Fitness,"500,000+",86,3.87,False,Shenzhen Coding IOT Technology Limited,https://play.google.com/store/apps/details?id=com.codingiot.co.fit&hl=en&gl=us
23A507DF956A35DE9E8291F523076136572A743767F198052AB269DC608F56BA,com.tsci.hmn,4,"Riskware/PackagingUntrustworthy.Jiagu..., Adware (005960001), AdLibrary:Generisk, PUA.AndroidOS.Jiagu",46.79890251159668,21,None,None,None,None,None,None,None
09D2ADF8AF1448A5E98D9E09F76218E3AF6A4D585FBA3B20B120E95740C5FC03,com.lomolsoft.language.learnhebrew,4,"A Variant Of Android/Packed.Jiagu.D Pot..., Riskware/PackagingUntrustworthy.Jiagu..., PUA.AndroidOS.Jiagu, Trojan (0052d2661), AppRisk:Generisk, TROJ_GEN.R002V01J423",71.37256526947021,19,Education,"50,000+",31,4.6842103,True,lomol language,https://play.google.com/store/apps/details?id=com.lomolsoft.language.learnhebrew&hl=en&gl=us
09E5FEA220D9CBCD5ADE35DA5635E6DCB5856FE67A06627FD3DCF99DA6674D2D,com.codingiot.co.fit,4,"Riskware/PackagingUntrustworthy.Jiagu..., AdLibrary:Generisk, PUA.AndroidOS.Jiagu",87.36593914031982,21,Health & Fitness,"500,000+",86,3.87,False,Shenzhen Coding IOT Technology Limited,https://play.google.com/store/apps/details?id=com.codingiot.co.fit&hl=en&gl=us
24852574AA3857DEBC0D076BCF8078BC83581BA138C34A8D71D234BF65EBB00E,com.tsci.fss,4,"Riskware/PackagingUntrustworthy.Jiagu..., PUA.AndroidOS.Jiagu, Detected, TROJ_GEN.R002V01J423",0.0,,Finance,"1,000+",,,False,First eFinance Limited,https://play.google.com/store/apps/details?id=com.tsci.fss&hl=en&gl=us
0A314847B470AD90939C28458878782C7D190F3829A100DD7E1DCD8E8D63BB6E,com.app.phone.mobileez4view,4,"A Variant Of Android/Packed.Jiagu.D Pot..., Riskware/PackagingUntrustworthy.Jiagu..., PUA.AndroidOS.Jiagu, Trojan (0052d2661), Android.resharer.n, AdLibrary:Generisk",49.99158954620361,19,Business,"100,000+",94,3.06,False,Leon Smith,https://play.google.com/store/apps/details?id=com.app.phone.mobileez4view&hl=en&gl=us
24E7F0FB989948C6EE92FAA8D3848BE1DDDEB6548837FBA8EBAC1D2E8124046A,com.btcc.hy,4,"Riskware/PackagingUntrustworthy.Jiagu..., PUA.AndroidOS.Jiagu, AdLibrary:Generisk",55.221375465393066,21,Finance,"1,000,000+",615,4.433735,False,BTCC.COM,https://play.google.com/store/apps/details?id=com.btcc.hy&hl=en&gl=us
2540B571F900A4BA90FFF2EA7526015C7E49E3CD6AC050D684C46A34F3BE3A10,com.lomolsoft.language.learnthai,4,"A Variant Of Android/Packed.Jiagu.D Pot..., Riskware/PackagingUntrustworthy.Jiagu..., PUA.AndroidOS.Jiagu, Trojan (0052d2661), AppRisk:Generisk",63.606940269470215,19,Education,"10,000+",0,0,True,lomol language,https://play.google.com/store/apps/details?id=com.lomolsoft.language.learnthai&hl=en&gl=us
0D5964685629803FC33767835B0962508E5C1A0DCB8AA84E9BD7DA7AA947C3F5,com.aeonstores.app,4,"A Variant Of Android/Packed.Jiagu.D Pot..., Riskware/PackagingUntrustworthy.Jiagu..., Trojan (0052d2661), AppRisk:Generisk",37.3768310546875,19,Shopping,"100,000+",,,False,"AEON Stores (Hong Kong) Co., Ltd",https://play.google.com/store/apps/details?id=com.aeonstores.app&hl=en&gl=us
0DD4EBD647CFCA65828945BD9400CF608D08F1F87D34FB91AD189C8E37B15F78,com.btcc.hy,4,"Riskware/PackagingUntrustworthy.Jiagu..., PUA.AndroidOS.Jiagu, AppRisk:Generisk",56.22910213470459,21,Finance,"1,000,000+",615,4.433735,False,BTCC.COM,https://play.google.com/store/apps/details?id=com.btcc.hy&hl=en&gl=us
0DFC4B4676053AF9FAAC8D7AEBDF949F6A028B6B144207C6AC968557663F833C,com.lomolsoft.language.learngreek,4,AppRisk:Generisk,61.692877769470215,19,Education,"10,000+",2,5,True,lomol language,https://play.google.com/store/apps/details?id=com.lomolsoft.language.learngreek&hl=en&gl=us
0E7640395EC9CD241429B8B4679595293EC39947F6866884A74DA1681E58C17D,com.tangerine.live.cake,4,"A Variant Of Android/Packed.Jiagu.D Pot..., Riskware/PackagingUntrustworthy.Jiagu..., PUA.AndroidOS.Jiagu, Trojan (0052d2661), AppRisk:Generisk, TROJ_GEN.R002V01K523",103.22990226745605,24,Social,"1,000,000+",1756,3.5,False,Net Tangerine,https://play.google.com/store/apps/details?id=com.tangerine.live.cake&hl=en&gl=us
0F53FAF0074182771A42D9AE64CC73F4729F4BE5140A256C7A71D17442A2184A,in.dradhanus.liveher,4,"A Variant Of Android/Packed.TencentPro..., PUA.AndroidOS.Tencentprotect, Riskware/Application/Android, AdLibrary:Generisk",80.8106336593628,21,Entertainment,"5,000,000+",402,3.86,False,YouStar Studio,https://play.google.com/store/apps/details?id=in.dradhanus.liveher&hl=en&gl=us
289D184CFA91766A77BCD2ACB1B04B2B43298FD04FC63D53399FBEA17824AF0C,com.jk.wisdomcam,4,"A Variant Of Android/Packed.Jiagu.D Pot..., PUA.AndroidOS.Jiagu, Riskware/PackagingUntrustworthy.Jiagu..., Trojan (0052d2661), Android.resharer.n, AppRisk:Generisk",40.81720161437988,19,Video Players & Editors,"5,000+",0,0,False,"SED Shenzhen Technology Co.,Ltd",https://play.google.com/store/apps/details?id=com.jk.wisdomcam&hl=en&gl=us
295EAF8C49997AF6D32F4C775D847DAAA508A1B0E2524107863DB962C82ABA44,com.lomolsoft.language.learnbulgarian,4,"A Variant Of Android/Packed.Jiagu.D Pot..., Riskware/PackagingUntrustworthy.Jiagu..., Detected, PUA.AndroidOS.Jiagu, Trojan (00581e471), AppRisk:Generisk, TROJ_GEN.R002V01J423",71.64600276947021,19,Education,"10,000+",0,0,True,lomol language,https://play.google.com/store/apps/details?id=com.lomolsoft.language.learnbulgarian&hl=en&gl=us
2AFFF128854F6EC359AC70D416479D0152C7C117EA74EBC5FDCB2DD49E0B3B7B,vip.invit.anna,4,"A Variant Of Android/Packed.Jiagu.D Pot..., Riskware/PackagingUntrustworthy.Jiagu..., Trojan (0052d2661), AppRisk:Generisk, Android.PUA.General",62.57726573944092,23,Personalization,"1,000,000+",735,4.29,False,"Hangzhou Lemi Network Technology Co., Ltd",https://play.google.com/store/apps/details?id=vip.invit.anna&hl=en&gl=us
2B1D37A9DEB71D25600C4F82B67496CB8E78A5FB95E6E8BE25F1D33CBCEA8FD8,com.kct.fundo.btnotification,4,AppRisk:Generisk,73.1041316986084,18,Health & Fitness,"5,000,000+",1351,2.8316832,False,"Shenzhen Fen Yun Technology Co.,Ltd",https://play.google.com/store/apps/details?id=com.kct.fundo.btnotification&hl=en&gl=us
11D1C122145BDE93ED06F7CA84D4007E33297946B8D11F4518AD3B21EE6BAB31,com.sma.smartv3,4,"Riskware/PackagingUntrustworthy.Jiagu..., PUA.AndroidOS.Jiagu, AdLibrary:Generisk",85.39774799346924,21,None,None,None,None,None,None,None
2BE0F04BCFA294E64E4EA0A5266E4A790DCF828F0A2D7F5E2A7A80BD5B75DCA5,com.lomolsoft.language.learnbosnian,4,"A Variant Of Android/Packed.Jiagu.D Pot..., Riskware/PackagingUntrustworthy.Jiagu..., Detected, PUA.AndroidOS.Jiagu, Trojan (0052d2661), Android.resharer.n, AppRisk:Generisk",0.0,,Education,"10,000+",7,4.3636365,True,lomol language,https://play.google.com/store/apps/details?id=com.lomolsoft.language.learnbosnian&hl=en&gl=us
2C2426F665796E28B39B0321735F461929087B43DDB19CCB1320824D1EE4220F,com.lomolsoft.language.learnvietnamese,4,"A Variant Of Android/Packed.Jiagu.D Pot..., Riskware/PackagingUntrustworthy.Jiagu..., PUA.AndroidOS.Jiagu, Trojan (00581e471), AppRisk:Generisk",72.47412776947021,19,Education,"10,000+",0,0,True,lomol language,https://play.google.com/store/apps/details?id=com.lomolsoft.language.learnvietnamese&hl=en&gl=us
142339349DFC436BD74D1AD189EBA624AC42C2831C91E5020D7FCB96A1D0F8C9,com.sma.smartv3,4,"Riskware/PackagingUntrustworthy.Jiagu..., PUA.AndroidOS.Jiagu, AdLibrary:Generisk",85.6152114868164,21,None,None,None,None,None,None,None
14536D79FCE9D20832BC5C9F0089C27B6E2A4D74984746F8B73DF4174944BB46,com.colanotes.android,4,"A Variant Of Android/Packed.Jiagu.D Pot..., PUA.AndroidOS.Dataeye, AdLibrary:Generisk",17.231297492980957,23,Productivity,"10,000+",61,4.38,False,COCOA STUDIO,https://play.google.com/store/apps/details?id=com.colanotes.android&hl=en&gl=us
153C729BD24862EB3A0FFD785344760DE34482153B83C0432970E425C5FD6399,com.stardust.kissreader,4,"A Variant Of Android/Packed.Jiagu.D Pot..., Trojan (0052d2661), AppRisk:Generisk, Riskware/PackagingUntrustworthyJiagu..., PUA.AndroidOS.Jiagu, Android.Win32.Robtes.dc",34.78487968444824,19,Books & Reference,"1,000,000+",2728,4.3706565,True,Maple House,https://play.google.com/store/apps/details?id=com.stardust.kissreader&hl=en&gl=us
15BE8128AF75CEDA8F9E8A10CC27750D11BE264D5B075FEA13658E3A41A5CE12,com.kwai.video,4,"Trojan (0001140e1), AdLibrary:Generisk, Android MarsDaemon (PUA)",28.73320770263672,16,Video Players & Editors,"500,000,000+",8392,4.4865565,True,Joyo Technology Pte Ltd,https://play.google.com/store/apps/details?id=com.kwai.video&hl=en&gl=us
2DE738ED4CF90D90356C5E438DF6F56705565FC9FB9CD0F5D50AA0C05C33FA19,cn.JK.P2PNetCamWisdomeye.camama,4,"AndroidOS/Jiagu.B.gen!Eldorado, Riskware/PackagingUntrustworthy.Jiagu..., PUA.AndroidOS.Jiagu, Android.resharer.n, AppRisk:Generisk, A Variant Of Android/Packed.Jiagu.H Pot..., Detected, Trojan (0052d2661), PUA:Win32/Puwaders.Clml!, Android.PUA.General",30.375537872314453,21,Personalization,"10,000+",39,2.1967213,False,CamerDevloper,https://play.google.com/store/apps/details?id=cn.JK.P2PNetCamWisdomeye.camama&hl=en&gl=us
1694177A89D82C3AAA439440AA9E4E849648EB12013597DCF48BA9FCDE2447D6,com.lomolsoft.language.learnkannada,4,"A Variant Of Android/Packed.Jiagu.H Pot..., Riskware/PackagingUntrustworthy.Jiagu..., PUA.AndroidOS.Jiagu, Trojan (0052d2661)",45.989752769470215,19,Education,"1,000+",,,True,lomol language,https://play.google.com/store/apps/details?id=com.lomolsoft.language.learnkannada&hl=en&gl=us
2F6F1D8D6B745F4C509728D664EF1F7E3A5BF34A617688E43B374CDCBE9B81D6,com.multibyte.esender.jiedian,4,"A Variant Of Android/Packed.TencentPro..., Riskware/Application/Android, PUA.AndroidOS.Tencentprotect, AppRisk:Generisk",31.777379989624023,19,Communication,"50,000+",25,2.2105262,False,Multi-byte Info 博元訊息,https://play.google.com/store/apps/details?id=com.multibyte.esender.jiedian&hl=en&gl=us
2F7D55474AE14FE77F8EDD6423C903F34D55567EA091719B0AE893529AD3FA3A,com.guangdonghotel,4,"A Variant Of Android/Packed.Jiagu.H Pot..., Riskware/PackagingUntrustworthy.Jiagu..., PUA.AndroidOS.Jiagu, Trojan (0052d2661)",72.48052310943604,21,Travel & Local,100+,,,False,Guangdong Hotel Ltd,https://play.google.com/store/apps/details?id=com.guangdonghotel&hl=en&gl=us
18860F3D8E1598A80F50684E0C37AF47C6AFF876E49E8956BAFA17EF054A5189,in.dradhanus.liveher,4,"A Variant Of Android/Packed.Jiagu.H Pot..., Riskware/PackagingUntrustworthy.Jiagu..., PUA.AndroidOS.Jiagu, AppRisk:Genrisk, Troj_Gen.R002V011S23",87.91942310333252,21,Entertainment,"5,000,000+",402,3.86,False,YouStar Studio,https://play.google.com/store/apps/details?id=in.dradhanus.liveher&hl=en&gl=us
18E054204E46D6BB75F56BF425B39F826A6EF0C4C8B5CEA82794C6F1242B360E,vip.invit.anna,4,"Riskware/PackagingUntrustworthy.Jiagu..., PUA.AndroidOS.Jiagu, AppRisk:Generisk",68.11301136016846,26,Personalization,"1,000,000+",735,4.29,False,"Hangzhou Lemi Network Technology Co., Ltd",https://play.google.com/store/apps/details?id=vip.invit.anna&hl=en&gl=us
30632E91C714CFFB2A28DE0EC9649DD6B96570A9958C475C8489D5FF04F980BB,com.ca.fantuan.customer,4,"Riskware/PackagingUntrustworthy.Jiagu..., PUA.AndroidOS.Jiagu, AppRisk:Generisk",0.0,,Food & Drink,"100,000+",377,4.07,False,Just Order Enterprise Corp.,https://play.google.com/store/apps/details?id=com.ca.fantuan.customer&hl=en&gl=us
1909E8577D22FB50F0097539715121F79C5CD65120BD0AFF5BC96C1BCC113331,com.ludoy.colorhole,4,"A Variant Of Android/Packed.Jiagu.D Pot..., Riskware/PackagingUntrustworthy.Jiagu..., Trojan (0052d2661), Android.WIN32.Robtes.dc",41.25253486633301,22,Role Playing,"10,000+",7,4.2105265,True,LUDOY FUN GAME,https://play.google.com/store/apps/details?id=com.ludoy.colorhole&hl=en&gl=us
1C462F2C07F412540084995B8D1E925D2EE4C824B6829C9870123F94F3678189,com.tsci.fss,5,"Riskware/PackagingUntrustworthy.Jiagu..., AppRisk:Generisk",71.52781772613525,21,Finance,"1,000+",,,False,First eFinance Limited,https://play.google.com/store/apps/details?id=com.tsci.fss&hl=en&gl=us
01652162929349036544D043B0CBD44A8BAFD8D9A8728713EB89C4613E011945,com.phinx.poolheater4,5,"Trojan (0052d2661), AdLibrary:Generisk",28.162824630737305,23,Tools,"10,000+",11,1.1666666,False,Heater SoftWare Team,https://play.google.com/store/apps/details?id=com.phinx.poolheater4&hl=en&gl=us
1D4DBF0D6272E0A6028884177D9875CDF8819143E7D0342E2473D72FF6FB3FCF,com.breo.luson.breo,5,"A Variant Of Android/Packed.Jiagu.D Pot..., Trojan (0052d2661), Riskware/PackagingUntrustworthy.Jiagu..., AppRisk:Generisk",0.0,,Health & Fitness,"10,000+",15,2,False,深圳市倍轻松软件开发有限公司,https://play.google.com/store/apps/details?id=com.breo.luson.breo&hl=en&gl=us
1D6D5914E759858C09CDC39D810E6E6D6AFADDE33838D24E91352E8A6EDF04C0,cn.crionline.www.japan,5,"A Variant Of Android/Packed.Jiagu.D Pot..., PUA.AndroidOS.Dataeye, Trojan (0052d2661), Android.WIN32.Robtes.dc, AppRisk:Generisk, Riskware/PackagingUntrustworthy.Jiagu...",48.81823253631592,21,News & Magazines,"10,000+",0,0,False,CRIonline,https://play.google.com/store/apps/details?id=cn.crionline.www.japan&hl=en&gl=us
0311BF9C8362A953247EB62B081059C23437B5850AE413CAF0285C67A1CDD52E,com.closeli.eyeplus,5,"A Variant Of Android/Packed.Jiagu.H Pot..., PUA.AndroidOS.Jiagu, Generic Reputation PUA (PUA), AdLibrary:Generisk, Riskware/PackagingUntrustworthy.Jiagu...",69.41790294647217,23,Tools,"100,000+",396,3.76,True,"Hangzhou Denghong Technology Co., Ltd.",https://play.google.com/store/apps/details?id=com.closeli.eyeplus&hl=en&gl=us
0468A367CA1F5ECFBE35DEB6081C814400FE119AA94924A0C6E6F7D64D7F4BDF,com.thehot.halovpnpro,5,"A Variant Of Android/Packed.TencentPro..., PUA.AndroidOS.Tencentprotect, AppRisk:Generisk, Riskware/Application/Android, Adware (00595cfd1)",83.31436729431152,23,Tools,"5,000,000+",3422,4.5943537,True,Halo Online,https://play.google.com/store/apps/details?id=com.thehot.halovpnpro&hl=en&gl=us
057648D2CE06030E7B00B8F87677F7217554077E3951526F2FB6855343D9CAE5,com.tsci.egs,5,"A Variant Of Android/Packed.Jiagu.D Pot..., Trojan (0052d2661), TROJ_GEN.R002V01K623, Riskware/PackagingUntrustworthy.Jiagu..., Android.WIN32.Robtes.dc",38.49768543243408,21,None,None,None,None,None,None,None
05B2499AB58C66C3EB6FB1098B79EB29521FEC658ACCF92E87BA13F01590FE42,com.fnjiasu,5,"A Variant Of Android/Packed.Jiagu.D Pot..., Trojan (0052d2661), AppRisk:Generisk, Riskware/PackagingUntrustworthy.Jiagu..., Android.WIN32.Robtes.dc",18.118990898132324,21,Tools,"100,000+",12,3.1764705,True,河南斧牛网络科技有限公司,https://play.google.com/store/apps/details?id=com.fnjiasu&hl=en&gl=us
1F986835F422708AAA5B8B051B83E6B1E555AA4C482F9DBAE5DF0F13B87D6F76,com.htwig.luvmehair,5,"Riskware/PackagingUntrustworthy.Jiagu..., PUA.AndroidOS.Jiagu, Adware (00596001), ELF/TrojanGen.A, AppRisk:Generisk",22.631664276123047,21,Beauty,"100,000+",119,3.84,True,LM BRAND,https://play.google.com/store/apps/details?id=com.htwig.luvmehair&hl=en&gl=us
05C9575AADFBC41A1205580E3BF5CC7091719E4CFDC0A4245D6E6180163DE260,com.pandacomm.baneks,5,"A Variant Of Android/Packed.TencentPro..., Riskware/Application/Android, PUA.AndroidOS.Tencentprotect, Adware (00595cd71), AdLibrary:Generisk",35.07638359069824,21,Finance,"10,000+",0,0,True,Panda Communications Corp.,https://play.google.com/store/apps/details?id=com.pandacomm.baneks&hl=en&gl=us
0720AEDEF3D2C2B02548F7922A0A3663B31D85E470C0EE09476BC3789DDF5BA9,com.ultrapower.roamwifi.changitravel,5,AppRisk:Generisk,52.64885902404785,23,Travel & Local,"50,000+",0,0,False,Changi Travel Services Pte Ltd,https://play.google.com/store/apps/details?id=com.ultrapower.roamwifi.changitravel&hl=en&gl=us
078CA089A3511D2E2F82EF3F66EFE2A23B0BF786CEEE662E456E9A367C55DF38,com.qr.indonesia,5,"Adware (00530721), AppRisk:Generisk",39.42827224731445,21,None,None,None,None,None,None,None
248233C4E61912FDF59AA96976A09267888CC0855AFE781967F6BBB125E67B9E,com.ultrapower.roamwifi.changitravel,5,AppRisk:Generisk,52.71230506896973,23,Travel & Local,"50,000+",0,0,False,Changi Travel Services Pte Ltd,https://play.google.com/store/apps/details?id=com.ultrapower.roamwifi.changitravel&hl=en&gl=us
24CA225B9DCA004E5ABDFE78729CB899C604DF184A8099FEEA33DCB07D294136,com.friendparty.voicechat,5,"A Variant Of Android/Packed.Jiagu.D Pot..., Riskware/PackagingUntrustworthy.Jiagu..., PUA.AndroidOS.Jiagu, Trojan (0052d2661), AppRisk:Generisk",83.45006370544434,21,Entertainment,"100,000+",20,4.138889,False,Hafla,https://play.google.com/store/apps/details?id=com.friendparty.voicechat&hl=en&gl=us
0BBDC7794DCD4CC129EE7EBE91682866ADF3F7120D00B811F9D5BF25CF74BF50,com.jk.wisdomcam,5,"A Variant Of Android/Packed.Jiagu.D Pot..., Riskware/PackagingUntrustworthy.Jiagu..., Trojan (0052d2661), Android.WIN32.Robtes.dc, AdLibrary:Generisk",41.79574775695801,19,Video Players & Editors,"5,000+",0,0,False,"SED Shenzhen Technology Co.,Ltd",https://play.google.com/store/apps/details?id=com.jk.wisdomcam&hl=en&gl=us
265CB6765009008BA36C0261AF8F785613A3D7F082E852098CC9422C331ABA95,zddz.musiclighting,5,"APK:CRepMalware [PUP], A Variant Of Android/Packed.Jiagu.D Pot..., Riskware/PackagingUntrustworthy.Jiagu..., PUA.AndroidOS.Jiagu, Trojan (0052d2661), AppRisk:Generisk",13.731046676635742,19,Tools,"100,000+",15,2.902439,False,Bluetooth APP,https://play.google.com/store/apps/details?id=zddz.musiclighting&hl=en&gl=us
0C2C7416A213684422BE8D35D97CFDC120AFF3FACAD48841A1962DDA062E4D2A,com.seetong.app.seetong,5,"A Variant Of Android/Packed.Jiagu.D Pot..., PUA.AndroidOS.Tencentprotect, AppRisk:Generisk, Trojan (0052d2661), Riskware/PackagingUntrustworthy.Jiagu...",69.19258785247803,23,Tools,"100,000+",22,4.2040815,False,Seetong,https://play.google.com/store/apps/details?id=com.seetong.app.seetong&hl=en&gl=us
26C9193B989249B5B367E6AB10BD628858C8DFC31C50C5294EF1B4E46178F9F2,com.hawsoft.mobile.speechtrans,5,"A Variant Of Android/Packed.Jiagu.D Pot..., Detected, Trojan (0052d2661), AndroidOS.Evo, Riskware/PackagingUntrustworthy.Jiagu...",16.42179298400879,21,Travel & Local,"10,000,000+",800,4.2,True,HawsoftMob Inc.,https://play.google.com/store/apps/details?id=com.hawsoft.mobile.speechtrans&hl=en&gl=us
26D2CB06FE4E503A80E9DE73F4AF21CD9C089039310E5DB4CCF505BEC9429C78,com.lomolsoft.language.learnamharic,5,"A Variant Of Android/Packed.Jiagu.D Pot..., Trojan (0052d2661), PUA.AndroidOS.Jiagu, AppRisk:Generisk, Android.resharer.n, Riskware/PackagingUntrustworthy.Jiagu...",0.0,,Education,"50,000+",21,4.318182,True,lomol language,https://play.google.com/store/apps/details?id=com.lomolsoft.language.learnamharic&hl=en&gl=us
27D43BA2D38658BA723A6770493D0372149875CBC30C1077215FCBA694E96630,com.coinpusher.wawa,5,"A Variant Of Android/Packed.Jiagu.D Pot..., Trojan (0052d2661), Riskware/PackagingUntrustworthy.Jiagu..., PUA.AndroidOS.Jiagu, AdLibrary:Generisk",71.14954090118408,21,Arcade,"10,000+",54,3.98,False,online coin pusher,https://play.google.com/store/apps/details?id=com.coinpusher.wawa&hl=en&gl=us
2882C1BA9DC849866F5FD9351CB72473E242174F18EEE1AF91CCE6F5FACD9908,com.hopeway.cam.hidvcam,5,"A Variant Of Android/Packed.Jiagu.D Pot..., Trojan (0052d2661), Riskware/PackagingUntrustworthy.Jiagu..., PUA.AndroidOS.Jiagu, AppRisk:Generisk",0.0,,Tools,"500,000+",361,2.81,False,hopeway,https://play.google.com/store/apps/details?id=com.hopeway.cam.hidvcam&hl=en&gl=us
11906DBB5DD1E1A24FC5CF9AAB69DC9433FBC74E92A1B30096299D1762D77BE0,io.cordova.myapp53513c,5,"Trojan (0059aaa31), AppRisk:Generisk, Trojan-Dropper.AndroidOS.Agent, Trojan.Android.BankBot.ithgrc",7.939868927001953,19,None,None,None,None,None,None,None
2B2F030AF5E1B7FE759AF78B8202BADAF6304756FE9F5DCA0704A67227D7E8E1,com.hkpacific.app,5,"A Variant Of Android/Packed.Jiagu.D Pot..., Detected, Trojan (0052d2661), Riskware/PackagingUntrustworthyJiagu..., PUA.AndroidOS.Jiagu, AppRisk:Generisk",0.0,,Entertainment,"10,000+",14,3.71875,False,Pacific Commerce Consultants Limited,https://play.google.com/store/apps/details?id=com.hkpacific.app&hl=en&gl=us
2B7BE5D1025AE9F48D365BB191A31A526796B2BC1F85D2461B2F891470513351,com.lomolsoft.language.learnarmenian,5,"A Variant Of Android/Packed.Jiagu.D Pot..., Trojan (00581e471), Riskware/PackagingUntrustworthy.Jiagu..., PUA.AndroidOS.Jiagu, AppRisk:Generisk, Android.WIN32.Robtes.dc, TROJ_GEN.R002V01J423",40.962409019470215,19,Education,"50,000+",9,4.428571,True,lomol language,https://play.google.com/store/apps/details?id=com.lomolsoft.language.learnarmenian&hl=en&gl=us
2B89A45769DA200B5FCEAE4DBB324433A3D4FE769C6EF4DBF3268086C6B117DB,cn.trinea.android.developertools,5,"A Variant Of Android/Packed.Jiagu.D Pot..., Trojan (0052d2661), Riskware/PackagingUntrustworthy.Jiagu..., AdLibrary:Generisk",8.652555465698242,19,Tools,"1,000,000+",1811,4.6377077,True,Trinea,https://play.google.com/store/apps/details?id=cn.trinea.android.developertools&hl=en&gl=us
2BD6A9A975D6DDB322104A35181AB018D2DA45F9FF2C09AE40C4598C985FA43B,com.kmdc.singdownloaderforsmule,5,"A Variant Of Android/Packed.Jiagu.D Pot..., Detected, Trojan (0052d2661), AdLibrary:Generisk, Riskware/PackagingUntrustworthyJiagu..., PUA.AndroidOS.Jiagu, Android.resharer.n",12.067755699157715,21,Music & Audio,"1,000,000+",18,4.372093,True,kmdc,https://play.google.com/store/apps/details?id=com.kmdc.singdownloaderforsmule&hl=en&gl=us
2CF9869A05B18DF684A636BDB382B41D4D9B34FC98D256673EB6A16342C97AE6,com.dc.battery.monitor2_ancel,5,"Artemis/CD7CFF3B1334, A Variant Of Android/Packed.Jiagu.D Pot..., Trojan (0052d2661), Riskware/PackagingUntrustworthy.Jiagu..., AndroidOS.Evo, Android.WIN32.Robtes.dc, AdLibrary:Generisk, Artemis",11.505528450012207,21,Tools,"10,000+",25,3.4285715,False,ANCEL,https://play.google.com/store/apps/details?id=com.dc.battery.monitor2_ancel&hl=en&gl=us
2D1BB8DFC6D9F16EA9E94BF928A0457D007D3D410698210E7B77AFD9E200EEE0,cn.com.tiro.sdj,5,"A Variant Of Android/Packed.Jiagu.D Pot..., Trojan (0052d2661), AppRisk:Generisk, Riskware/PackagingUntrustworthy.Jiagu..., PUA.AndroidOS.Jiagu, Android.resharer.n",27.10989475250244,21,Tools,"50,000+",8,2.75,False,"TIRO INNOVATION TECHNOLOGY ( SHENZHEN )  CO., LTD.",https://play.google.com/store/apps/details?id=cn.com.tiro.sdj&hl=en&gl=us
2E3C9055AF0A7F37DDC7877DCAA9D5427508BCCCB6DA9532FC6F7EC057B39DF5,com.ultrapower.roamwifi.changitravel,5,"A Variant Of Android/Packed.Jiagu.D Pot..., PUA.AndroidOS.Jiagu, AppRisk:Generisk, Trojan (0052d2661), Riskware/PackagingUntrustworthy.Jiagu...",51.34092617034912,23,Travel & Local,"50,000+",0,0,False,Changi Travel Services Pte Ltd,https://play.google.com/store/apps/details?id=com.ultrapower.roamwifi.changitravel&hl=en&gl=us
309513548825F883DE046B0BE8E6ABA7DD6B99CB8D7EDF7A9834C4F594F16A09,com.ecartek.kdentry,5,"A Variant Of Android/Packed.Jiagu.D Pot..., Riskware/PackagingUntrustworthy.Jiagu..., PUA.AndroidOS.Jiagu, Trojan (0052d2661), Android.WIN32.Robtes.dc, AppRisk:Generisk",37.0754280090332,21,Tools,"100,000+",22,3.6197183,False,"KEYDIY co., Ltd",https://play.google.com/store/apps/details?id=com.ecartek.kdentry&hl=en&gl=us
30B2A892E57B6B1B81F216D92CA3BFC938E42C66B730EF4A6C95CF4FB3F45B22,com.stardust.kissreader,5,"A Variant Of Android/Packed.Jiagu.D Pot..., Riskware/PackagingUntrustworthy.Jiagu..., PUA.AndroidOS.Jiagu, Trojan (0052d2661), Android.WIN32.Robtes.dc, AppRisk:Generisk",36.12470817565918,19,Books & Reference,"1,000,000+",2728,4.3706565,True,Maple House,https://play.google.com/store/apps/details?id=com.stardust.kissreader&hl=en&gl=us
196E1AEEA1661ECD7FB95DBD5DCA3D4932B6639DC296F37E6CE1B1B4F8671798,com.jinyichen.healthday,5,"A Variant Of Android/Packed.Jiagu.D Pot..., Riskware/PackagingUntrustworthy.Jiagu..., Detected, PUA.AndroidOS.Jiagu, Trojan (0052d2661), AppRisk:Generisk",76.51331520080566,21,Health & Fitness,"100,000+",55,2.764045,False,"Shenzhen Jinyichen Intelligent Tech Co., Ltd.",https://play.google.com/store/apps/details?id=com.jinyichen.healthday&hl=en&gl=us
31462040F93BF7B51C36588C771B5A21CF54751DC7A66FAA6B3136A210333801,com.hopeway.cam.newhope,5,"A Variant Of Android/Packed.Jiagu.D Pot..., PUA.AndroidOS.Jiagu, AppRisk:Generisk, Trojan (0052d2661), Riskware/PackagingUntrustworthy.Jiagu...",0.0,,Tools,"100,000+",55,3.62,False,hopeway,https://play.google.com/store/apps/details?id=com.hopeway.cam.newhope&hl=en&gl=us
00F2A654C723DE8B4E8917E33B2729F3C3F75BF4580FE2F6D362A3A2E17D9A01,com.tenda.router.app,6,"A Variant Of Android/Packed.Jiagu.D Pot..., PUA.AndroidOS.Jiagu, AppRisk:Generisk, Trojan (0052d2661), Riskware/PackagingUntrustworthy.Jiagu...",48.885826110839844,19,Tools,"5,000,000+",628,2.8373983,False,"Shenzhen Tenda Technology Co.,Ltd",https://play.google.com/store/apps/details?id=com.tenda.router.app&hl=en&gl=us
1F49D008B28DACC208805636B1372412D4869B3BC31F103E49282F11F69C4A0C,com.hopeway.cam.newhope,6,"A Variant Of Android/Packed.Jiagu.D Pot..., Trojan (0052d2661), TROJ_GEN.R002V01J623, AppRisk:Generisk, , Riskware/PackagingUntrustworthy.Jiagu..., PUA.AndroidOS.Jiagu",0.0,,Tools,"100,000+",55,3.62,False,hopeway,https://play.google.com/store/apps/details?id=com.hopeway.cam.newhope&hl=en&gl=us
06FC9365495DC4B95694C4313A4FD2308CBC7301FC79BD7A8B079036A49F982A,com.sagetech.mirror,6,"A Variant Of Android/Packed.Jiagu.D Pot..., Trojan (0052d2661), AppRisk:Generisk, Win32.Troj.Undef.a",9.06972599029541,23,None,None,None,None,None,None,None
216A1EC3DB9994A980DFA264BA2D5294CF5658A2D5AFB6DAFAFBA5B6D22193CB,com.sagetech.mirror,6,"A Variant Of Android/Packed.Jiagu.D Pot..., Riskware/PackagingUntrustworthy.Jiagu..., PUA.AndroidOS.Jiagu, Trojan (0052d2661), Win32.Troj.Undef.a, Android.WIN32.Robtes.dc, ELF/TrojanGen.A, AppRisk:Generisk",11.605612754821777,23,None,None,None,None,None,None,None
07FEDACF80C0B72F0B5D351FF3CE2CA34D6FB6724DABC85296C9D411984ED572,com.lomolsoft.dict.fedict,6,"A Variant Of Android/Packed.Jiagu.D Pot..., Trojan (0055ac561), TROJ_GEN.R002V01J423, Riskware/PackagingUntrustworthy.Jiagu...",48.63857460021973,19,Books & Reference,"10,000+",,,True,lomol language,https://play.google.com/store/apps/details?id=com.lomolsoft.dict.fedict&hl=en&gl=us
0AC6E4ABD31A8170FAD329C7A1DB9BFA06CC879168BBD5037862DBF2968CF1E5,com.kbzbank.kpaycustomer,6,"Trojan/Generic.ASMalwAD.7, A Variant Of Android/Packed.Jiagu.D Pot..., Riskware/Application, PUA.AndroidOS.Tencentprotect, AppRisk:Generisk",48.0457763671875,19,Finance,"10,000,000+",1086,4.4168797,True,KBZBANK.COM,https://play.google.com/store/apps/details?id=com.kbzbank.kpaycustomer&hl=en&gl=us
0B1B3B57D4EC963151790231716767ABBEC6E8CA15CAB38ED0C9AE46068FE54F,com.jk.horizoncam,6,"A Variant Of Android/Packed.Jiagu.D Pot..., Trojan (0052d2661), Artemis, Riskware/PackagingUntrustworthy.Jiagu..., PUA.AndroidOS.Jiagu, Android.WIN32.Robtes.dc, AppRisk:Generisk",42.03019332885742,19,Video Players & Editors,"10,000+",6,3.8,False,"SED Shenzhen Technology Co.,Ltd",https://play.google.com/store/apps/details?id=com.jk.horizoncam&hl=en&gl=us
25CEBDA7144AB1598B255FB4F19D65D6DD7100CBC5D28F485DBC5C810586C535,com.cointiger.ex,6,"Riskware/PackagingUntrustworthy.Jiagu..., PUA.AndroidOS.Jiagu, AppRisk:Generisk",76.07204246520996,22,Finance,"100,000+",188,3.48,False,CoinTiger Inc.,https://play.google.com/store/apps/details?id=com.cointiger.ex&hl=en&gl=us
0FA172AAAA843942AF03778634DC45433A2BDEA771D6F0F4FE480C143A96D1A4,com.esiwei.ozmen,6,"Trojan/Generic.ASMalwAD.7, A Variant Of Android/Packed.Jiagu.D Pot..., Trojan-Spy.AndroidOS.Agent, Android.WIN32.Robtes.dc, Generic Reputation PUA (PUA), AdLibrary:Generisk, Android.PUA.General",16.61416530609131,21,None,None,None,None,None,None,None
29DE697235B30C2C43942FF40AAE85EE26574004961AF8AEEEA1852187EF3020,com.blurams.ipc,6,"Riskware/PackagingUntrustworthy.Jiagu..., PUA.AndroidOS.Jiagu, Trojan (0052d2661), AppRisk:Generisk",45.26043891906738,21,Video Players & Editors,"100,000+",5766,4.627728,False,"Hangzhou Vision Insight Technology Co.,Ltd.",https://play.google.com/store/apps/details?id=com.blurams.ipc&hl=en&gl=us
11D14D96556D7A4D018D168AAA134B133762493ED2A6393F732C7BBDDD5C28B4,com.ultrapower.roamwifi.changitravel,6,"A Variant Of Android/Packed.Jiagu.D Pot..., Riskware/Application, AppRisk:Generisk",52.70296669006348,23,Travel & Local,"50,000+",0,0,False,Changi Travel Services Pte Ltd,https://play.google.com/store/apps/details?id=com.ultrapower.roamwifi.changitravel&hl=en&gl=us
11E158E5C7D32666A753F0E69A8E546D9B44E83F0FF66DFDE0DD311A415D120F,com.bet007.mobile.score.d,6,"Riskware/PackagingUntrustworthy.Jiagu..., PUA.AndroidOS.Jiagu, Adware (005960001), AppRisk:Generisk",28.605953216552734,21,Sports,"100,000+",32,3.9726028,True,华盈体育,https://play.google.com/store/apps/details?id=com.bet007.mobile.score.d&hl=en&gl=us
12D873B4EC25E021CBC386129B10A684169DD0962749637C9867EFEAC36A4742,com.wikifx.wikibit,6,"A Variant Of Android/Packed.Jiagu.D Pot..., Riskware/PackagingUntrustworthy.Jiagu..., PUA.AndroidOS.Jiagu, Trojan (0052d2661), AppRisk:Generisk",95.95228290557861,19,Tools,"500,000+",39,4.4366198,False,WikiGlobal,https://play.google.com/store/apps/details?id=com.wikifx.wikibit&hl=en&gl=us
139EFFEF73BB73666B137D7AD239E37D373A9D0B299A627FB29214BDBC0FCF56,com.ecartek.en.kd,6,"Riskware/Application, AdLibrary:Generisk, Android.WIN32.Robtes.dc",39.14717388153076,16,Tools,"100,000+",109,4.37,False,"KEYDIY co., Ltd",https://play.google.com/store/apps/details?id=com.ecartek.en.kd&hl=en&gl=us
13ECECA2F8339B480E6AF479466F705315CF5F466FD6E9BBF307AB9FF687A35A,com.sfacg.comic,6,"A Variant Of Android/Packed.Jiagu.D Pot..., Detected, Trojan (0052d2661), TROJ_GEN.R002V01J423, Riskware/PackagingUntrustworthy.Jiagu..., PUA.AndroidOS.Jiagu, AppRisk:Generisk",50.21414566040039,21,Comics,"10,000+",0,0,False,轻阅网络,https://play.google.com/store/apps/details?id=com.sfacg.comic&hl=en&gl=us
15B009B41E7ED5B851A28993FE8F240447791A0F1709B625EBF86FC4E807C1B2,com.hopeway.cam.newhope,6,"A Variant Of Android/Packed.Jiagu.D Pot..., Detected, Trojan (0052d2661), Generic Reputation PUA (PUA), Riskware/PackagingUntrustworthy.Jiagu..., PUA.AndroidOS.Jiagu, ELF/TrojanGen.A, Trojan.Gen.2, AppRisk:Generisk",70.52806663513184,19,Tools,"100,000+",55,3.62,False,hopeway,https://play.google.com/store/apps/details?id=com.hopeway.cam.newhope&hl=en&gl=us
2E7B746350310D2D6EC168653A6125F7E8B073F90B39F69B18C54908D872EE3E,com.ffgamestudio.fast12306,6,"AndroidOS/Jiagu.B.gen!Eldorado, Riskware/PackagingUntrustworthy.Jiagu..., PUA.AndroidOS.Jiagu, Android.resharer.n, AdLibrary:Generisk, A Variant Of Android/Packed.Jiagu.H Pot..., Trojan (0052d2661), PUA:Win32/Puwaders.Clml!, Android.PUA.General",15.327716827392578,19,Travel & Local,"100,000+",59,3.372549,False,"Beijing Yikele Technology Co., Ltd.",https://play.google.com/store/apps/details?id=com.ffgamestudio.fast12306&hl=en&gl=us
191A34649C719D3F356C0E68FEB42F6AFEA8DA09E54397FFB33A33ED05127F98,com.breo.luson.breo,6,"A Variant Of Android/Packed.Jiagu.D Pot..., Riskware/PackagingUntrustworthy.Jiagu..., Trojan (0052d2661), AppRisk:Generisk",82.88921928405762,19,Health & Fitness,"10,000+",15,2,False,深圳市倍轻松软件开发有限公司,https://play.google.com/store/apps/details?id=com.breo.luson.breo&hl=en&gl=us
310541F66DB937C2B12DD0FBAE40E1C5BD1164B1E17D4992D6170B6B62724D86,com.leagend.bt1000,6,"A Variant Of Android/Packed.Jiagu.D Pot..., Trojan (0052d2661), AndroidOS.Evo, TROJ_GEN.R002V01J323, Riskware/PackagingUntrustworthy.Jiagu...",9.470561981201172,21,Tools,"1,000+",0,0,False,taiwanyichengkeji,https://play.google.com/store/apps/details?id=com.leagend.bt1000&hl=en&gl=us
31374F2D55133AB14E8727E83B20DD9DF67B923656D66EC069238C71D398B972,com.lomol.workout.fitness,6,"A Variant Of Android/Packed.Jiagu.D Pot..., Riskware/PackagingUntrustworthy.Jiagu..., PUA.AndroidOS.Jiagu, Trojan (0052d2661), Android.resharer.n, AppRisk:Generisk",0.0,,Health & Fitness,"100,000+",6,4.9375,True,Lomol Tool Group,https://play.google.com/store/apps/details?id=com.lomol.workout.fitness&hl=en&gl=us
0068BDCB50252A16A631FA8BEFA85DBF7BE27CFD4177B07546B619929BFE6F2A,cn.fitdays.fitdays,7,"Trojan/Generic.ASMalwAD.7, A Variant Of Android/Packed.Jiagu.D Pot..., PUA.AndroidOS.Jiagu, Trojan (0052d2661), Android.WIN32.Robtes.dc, AppRisk:Generisk",0.0,,Health & Fitness,"1,000,000+",540,3.5742574,False,ICOMON,https://play.google.com/store/apps/details?id=cn.fitdays.fitdays&hl=en&gl=us
0559D579917E00B2675167D3BA2BB9D794932F463CAE3D7ADA002A59B89C7C75,cn.fitdays.fitdays,7,"Trojan/Generic.ASMalwAD.7, A Variant Of Android/Packed.Jiagu.D Pot..., Riskware/PackagingUntrustworthy.Jiagu..., PUA.AndroidOS.Jiagu, Trojan (0052d2661), Android.resharer.n, AppRisk:Generisk",38.08729362487793,21,Health & Fitness,"1,000,000+",540,3.5742574,False,ICOMON,https://play.google.com/store/apps/details?id=cn.fitdays.fitdays&hl=en&gl=us
09EA968FFDAE0E2D5B276CF11AD3C954FB0511723AD1B0BAAC323E48647C7C67,com.newellmediallc.live.coco,7,"AndroidOS.Evo, Trojan (0052d2661), AppRisk:Generisk, Android.PUA.General",101.50895595550537,24,Communication,"1,000,000+",247,2.8910892,False,iHello Inc.,https://play.google.com/store/apps/details?id=com.newellmediallc.live.coco&hl=en&gl=us
2669166FD902967B9507DDD14213E8B4D4CAAF98520D2304945863D865159740,com.htwig.luvmehair,7,"Riskware/PackagingUntrustworthy.Jiagu..., PUA.AndroidOS.Jiagu, Adware (00596001), Android.WIN32.Robtes.dc, AppRisk:Generisk",22.238606452941895,21,Beauty,"100,000+",119,3.84,True,LM BRAND,https://play.google.com/store/apps/details?id=com.htwig.luvmehair&hl=en&gl=us
10F252B1DED5430799A57928B8B6300C15B445431F50F221103DDC7C4367EE39,com.stardust.kissreader,7,"A Variant Of Android/Packed.Jiagu.D Pot..., Trojan (0052d2661), AppRisk:Generisk, Riskware/PackagingUntrustworthy.Jiagu..., PUA.AndroidOS.Jiagu, Android.resharer.n",34.56978416442871,19,Books & Reference,"1,000,000+",2728,4.3706565,True,Maple House,https://play.google.com/store/apps/details?id=com.stardust.kissreader&hl=en&gl=us
13B2EAA2F2E879ED69DEFF6716E1C176CFF958825BC16A097872E6353F214A4F,com.hopeway.cam.hidvcam,7,"A Variant Of Android/Packed.Jiagu.D Pot..., Trojan (0052d2661), AppRisk:Generisk",72.87225246429443,19,Tools,"500,000+",361,2.81,False,hopeway,https://play.google.com/store/apps/details?id=com.hopeway.cam.hidvcam&hl=en&gl=us
2EA90DD72F206B53070E41DB45F4DD214C94CA23B50F0EAF918166151CBC5D71,cn.JK.P2PNetCamWisdomeye.camama,7,"A Variant Of Android/Packed.Jiagu.D Pot..., Trojan (0052d2661), AppRisk:Generisk, Riskware/PackagingUntrustworthy.Jiagu..., PUA.AndroidOS.Jiagu, Android.resharer.n",28.476574897766113,21,Personalization,"10,000+",39,2.1967213,False,CamerDevloper,https://play.google.com/store/apps/details?id=cn.JK.P2PNetCamWisdomeye.camama&hl=en&gl=us
3106D384E9FDEFEB339D95BCC413E380E3A1B52D0DF50BD68E70064FF77A8F92,com.gov.cn,7,"A Variant Of Android/Packed.Jiagu.D Pot..., Riskware/PackagingUntrustworthy.Jiagu..., Trojan (0052d2661), Android.resharer.n, Artemis, AppRisk:Genrisk",12.061363220214844,22,News & Magazines,"10,000+",41,4.0153847,False,"State Council Website Operations Center, P.R.C",https://play.google.com/store/apps/details?id=com.gov.cn&hl=en&gl=us
1A277ECE817DCF1F7BB1E0F75A9A94637CAD740F13CCAA6EDCD6361EC91E01B5,com.meecast.casttv,7,"A Variant Of Android/Packed.Jiagu.D Pot..., Riskware/PackagingUntrustworthy.Jiagu..., PUA.AndroidOS.Jiagu, Trojan (0052d2661), Android.WIN32.Robtes.dc, AppRisk:Generisk, TROJ_GEN.R002V01J323",25.750000953674316,21,Video Players & Editors,"1,000,000+",187,4.1372547,True,Meecast,https://play.google.com/store/apps/details?id=com.meecast.casttv&hl=en&gl=us
23FF4C956C11311C8F5FB245DE565B22F65E41C9CC7FC65D314919B422A99411,com.blurams.ipc,8,"Riskware/PackagingUntrustworthy.Jiagu..., PUA.AndroidOS.Jiagu, Trojan (0052d2661), AppRisk:Generisk",69.03205966949463,21,Video Players & Editors,"100,000+",5766,4.627728,False,"Hangzhou Vision Insight Technology Co.,Ltd.",https://play.google.com/store/apps/details?id=com.blurams.ipc&hl=en&gl=us
14BFF18B072C20B908197B9CE16C3271F7CCB77B5ED13C92C8853D6ED2626C07,com.jntc.clockwavesync,8,"Trojan/Generic.ASMalwAD.7, A Variant Of Android/Packed.Jiagu.D Pot..., Riskware/PackagingUntrustworthy.Jiagu..., Detected, PUA.AndroidOS.Jiagu, Trojan (0052d2661), Android.WIN32.Robtes.dc, PUA:Win32/Puwaders.Clml!, AppRisk:Generisk",12.58560848236084,23,Tools,"50,000+",361,4.854369,True,jin ning,https://play.google.com/store/apps/details?id=com.jntc.clockwavesync&hl=en&gl=us
1873ECE29725A1793752EF5AEBC716B58D0FE723F70FC80BA5A27932B09AF4F3,com.aeonstores.app,8,"A Variant Of Android/Packed.Jiagu.D Pot..., Riskware/PackagingUntrustworthy.Jiagu..., PUA.AndroidOS.Jiagu, Trojan (0052d2661), AppRisk:Generisk",36.89463138580322,19,Shopping,"100,000+",,,False,"AEON Stores (Hong Kong) Co., Ltd",https://play.google.com/store/apps/details?id=com.aeonstores.app&hl=en&gl=us
0892E4973BA627EEC8BFCBB495D54CAC90BFBEDBE696210FEFB44D1590E56260,com.ecartek.en.kd,9,"RDN/Generic.dx, Riskware/Application, Android.WIN32.Robtes.dc, ELF/TrojanGen.A, RDN/Generic.dx, Generic Reputation PUA (PUA), Trojan.Gen.MBT, AppRisk:Generisk",39.28846549987793,16,Tools,"100,000+",109,4.37,False,"KEYDIY co., Ltd",https://play.google.com/store/apps/details?id=com.ecartek.en.kd&hl=en&gl=us
26AAF9B4E19ADDFE9B5C0EAE1493B2F776F46CFC3560695F9ABF2B13BBD95D8D,com.daoke.ar,9,"Trojan/Generic.ASMalwAD.7, Riskware/PackagingUntrustworthy.Jiagu..., PUA.AndroidOS.Jiagu, Trojan (0052d2661), Android.WIN32.Robtes.dc, AppRisk:Generisk",22.62156391143799,21,Books & Reference,"5,000,000+",5,4.090909,False,China Intercontinental Press,https://play.google.com/store/apps/details?id=com.daoke.ar&hl=en&gl=us
27948DE94F5099EBE68C6BCF30E5A46FF178084B195D5497AF31501E33163374,com.seraphic.openinet.pre,9,"A Variant Of Android/Packed.Jiagu.D Pot..., Riskware/PackagingUntrustworthy.Jiagu..., PUA.AndroidOS.Jiagu, Trojan (0052d2661), Android.WIN32.Robtes.dc, Generic Reputation PUA (PUA), Android.PUA.General, AdLibrary:Generisk, Phishing.Generic-HTML.Save.u",15.048318862915039,24,Entertainment,"1,000,000+",33,3.258427,True,MetaX,https://play.google.com/store/apps/details?id=com.seraphic.openinet.pre&hl=en&gl=us
2A017E6D55DDFA7CF9ED13051102E1D047844D8B9DE3AE0DE52CE88797205D6D,com.jk.horizoncam,9,"Riskware/Application, AppRisk:Generisk, Android.PUA.General, Artemis",43.097270011901855,19,Video Players & Editors,"10,000+",6,3.8,False,"SED Shenzhen Technology Co.,Ltd",https://play.google.com/store/apps/details?id=com.jk.horizoncam&hl=en&gl=us
042A333E3346409AB6A37975414CF6E3841FB0F7307830019810DF260E3D8D14,com.hopeway.cam.hidvcam,10,"Trojan/Generic.ASMalwAD.7, A Variant Of Android/Packed.Jiagu.H Pot..., Trojan (0052d2661), AppRisk:Generisk, AndroidOS/Jiagu.B.gen!Eldorado, Riskware/PackagingUntrustworthy.Jiagu..., PUA.AndroidOS.Dataeye, Artemis, Android.PUA.General",72.5062084197998,19,Tools,"500,000+",361,2.81,False,hopeway,https://play.google.com/store/apps/details?id=com.hopeway.cam.hidvcam&hl=en&gl=us
27D133FC7A65F333C33F5B09DC7C22E045ECF55201B9FD55A8E0AF6EBF69DFE6,com.shoujiduoduo.dj,10,"A Variant Of Android/Packed.Jiagu.D Pot..., Trojan (0052d2661), Android.PUA.General, AppRisk:Generisk, Riskware/PackagingUntrustworthy.Jiagu..., AndroidOS.Evo",13.354382514953613,21,Music & Audio,"100,000+",41,4.6138616,True,多宝灵动,https://play.google.com/store/apps/details?id=com.shoujiduoduo.dj&hl=en&gl=us
117459F0A80FF4DE97B6B696E4B05512E5E9BA28BEFB23DF0F50891CB80B0C15,com.uniview.app.smb.phone.en.ezview,10,"A Variant Of Android/Packed.Jiagu.D Pot..., Trojan (0052d2661), AppRisk:Generisk, Riskware/PackagingUntrustworthy.Jiagu..., Android.resharer.n",47.74940204620361,19,Business,"1,000,000+",252,3.51,False,"Zhejiang Uniview Technologies Co., Ltd.",https://play.google.com/store/apps/details?id=com.uniview.app.smb.phone.en.ezview&hl=en&gl=us
2F86CD4D4A36AC8F8C8D52D4C3DA26DCEAA23B9754506653EFB4F89555F9C8F0,com.wowgotcha.wawa,10,"A Variant Of Android/Packed.Jiagu.D Pot..., Riskware/PackagingUntrustworthyJiagu..., PUA.AndroidOS.Jiagu, Trojan (0052d2661), ELF/TrojanGen.A, Generic Reputation PUA (PUA)",90.18779182434082,21,Arcade,"50,000+",124,4.2,False,Jingzhou Happymore Information and Technology LLC.,https://play.google.com/store/apps/details?id=com.wowgotcha.wawa&hl=en&gl=us
01E1C2E6074A7384751EA493FCCAFCAB8808FAE512DDD494AC5B79A06023735C,com.kamoer.f4_plus,11,"AndroidOS/Jiagu.B.gen!Eldorado, Riskware/PackagingUntrustworthy.Jiagu..., PUA.AndroidOS.Jiagu, Android.resharer.n, PUA:Win32/Puwaders.Clml, Android.PUA.General, A Variant Of Android/Packed.Jiagu.D.Pot..., Trojan (0052d2661), Artemis, AppRisk:Generisk",25.73642921447754,23,Tools,"1,000+",,,False,kamoerservice,https://play.google.com/store/apps/details?id=com.kamoer.f4_plus&hl=en&gl=us
1F27302F01262DC9641912871907719829735B6E8BB0BB5A87530C3E4EB20645,vip.invit.anna,11,"RDN/Generic.dx, AndroidOS/Jiagu.B.gen!Eldorado, A Variant Of Android/Packed.Jiagu.H Pot..., Riskware/PackagingUntrustworthy.Jiagu..., ELF/TrojanGen.A, Generic Reputation PUA (PUA), Trojan.Gen.MBT, AppRisk:Generisk, Android.PUA.General",76.54634284973145,26,Personalization,"1,000,000+",735,4.29,False,"Hangzhou Lemi Network Technology Co., Ltd",https://play.google.com/store/apps/details?id=vip.invit.anna&hl=en&gl=us
0C01126C72E8CEABB6727ED1CCCC82A365AEAA416BE21DAC5661597AB7037B6B,tunnel.entclass.vpn,11,"Packed:Linux/obfuscated.e8d488ec, PUA:Linux.Obfuscated, APK:RepMalware [Trj]",92.75282669067383,21,Tools,"1,000,000+",1254,4.109804,True,Entclass Tech Solution,https://play.google.com/store/apps/details?id=tunnel.entclass.vpn&hl=en&gl=us
233E1C9BC76DA49003484AD56171AAB33617D2F6D4E3C76AACA96D4DB344DDE6,com.jntc.clockwavesync,15,"Trojan/Generic.ASMalwAD.7, Artemis!9BDC25B58F54, Riskware/PackagingUntrustworthy.Jiagu..., Trojan ( 0052d2661 ), Win32.Troj.Undef.a, Android.WIN32.Robtes.dc, ELF/TrojanGen.A, Artemis, Generic Reputation PUA (PUA), Trojan.Gen.MBT, AppRisk:Generisk",12.63248348236084,23,Tools,"50,000+",361,4.854369,True,jin ning,https://play.google.com/store/apps/details?id=com.jntc.clockwavesync&hl=en&gl=us
1A9CC52FFA460B0DE8DE03146A10FE2F21BC45FAB16C4A075C82CB65841BA548,com.burakgon.gamebooster3,27,"TrojanDropper:Linux/Other.db2ee766, Trojan.Linux.Generic.D4FEF9, Android-Evo.gen [Trj], ANDROID/Dropper.F5BG.Gen, Trojan.Linux.Generic.327417 (B), Trojan.Linux.Generic.327417, Trojan.Linux.Generic, HEUR:Trojan-Dropper:Linux/Agent.b, ELF/TrojanGen.A, RDN/Generic Dropper, AppRisk:Generisk, TROJ_GEN.R002C0PLE23, Trojan.Linux.Generic.327417, HEUR:Trojan-Dropper:Linux/Agent.b, Trojan/Linux.Wacatac.b, Other:Malware.gen [Trj], Other:Malware.gen [Trj], Trojan.Linux.Generic.327417, PossibleThreat, TrojanDropper:Linux/ep, Trojan.Linux/Multiverze, Dropper.Agent/Linux!8.129B7 (CLOUD), Trojan.Gen.MBT, Trojan.Linux.Generic.327417, Android.Malware.General, Malware.ANDROID/Dropper.F5BG.Gen",42.640689849853516,24,Entertainment,"10,000,000+",14882,4.524128,True,Mega Fortuna,https://play.google.com/store/apps/details?id=com.burakgon.gamebooster3&hl=en&gl=us
279C30661CFA2C0A915EAF725005C137D5FB59457E0AFE104F26F671DA43784A,com.burakgon.gamebooster3,28,"Trojan/Linux.Wacatac.b, Other:Malware-gen [Trj], ANDROID/Dropper.F5BG.Gen, Trojan.Linux.Generic.326395 (B), Trojan.Linux.Generic.326395, Trojan.Linux.Generic, Trojan (00011140e1), Trojan.AndroidOS.Agent.C!c, Dropper.Agent/Linux!8.129B7 (CLOUD), Trojan.Gen.MBT, Android.Malware.Trojan, Trojan.Linux.Generic.326395, HEUR:Trojan-Dropper.Linux.Agent.b, APK:RepMalware [Trj], PossibleThreat, Trojan.Dropper.Linux.ep, HEUR:Trojan-Dropper.Linux.Agent.b, Trojan:Linux/Multiverze, RDN/Generic Dropper, AppRisk:Genrisk, ABRisk.JBWA-8, Malware.ANDROID/Dropper.F5BG.Gen",41.22327899932861,24,Entertainment,"10,000,000+",14882,4.524128,True,Mega Fortuna,https://play.google.com/store/apps/details?id=com.burakgon.gamebooster3&hl=en&gl=us
