App_Name,SDK_Build_Version,Main_Class,Main_Activity,Has_Ads,Hash_SHA_256,Advertising_Classes,Genre,File_Size_In_MB,Suspicous,Able_To_Instrument,Able_To_Install,Signed_Location,Try_Manual_Testing
1C4A01582AE49DF4C892F585386B6ED0FFB6F6489F4C428634A54958578B6892.apk,33.0,com.cazaayan.bse.mobile,com.cazaayan.bse.mobile.MainActivity,Yes,1c4a01582ae49df4c892f585386b6ed0ffb6f6489f4c428634a54958578b6892,[],"['FAMILY', ' FINANCE']",14,False,No,Yes,../Data/Application_Analysis/1C4A01582AE49DF4C892F585386B6ED0FFB6F6489F4C428634A54958578B6892.apk/signed1C4A01582AE49DF4C892F585386B6ED0FFB6F6489F4C428634A54958578B6892.apk,
2466BBC72F8EE6836ECD22770FE65DCAE5C335F81B6F78C11D4DF38C449B96DB.apk,26.0,com.kwai.video,com.yxcorp.gifshow.HomeActivity,Yes,2466bbc72f8ee6836ecd22770fe65dcae5c335f81b6f78c11d4df38c449b96db,[],"['FAMILY', ' VIDEO_PLAYERS']",29,False,No,No,,
05B2499AB58C66C3EB6FB1098B79EB29521FEC658ACCF92E87BA13F01590FE42.apk,31.0,com.fnjiasu,com.fnjiasu.activity.SplashActivity,Yes,05b2499ab58c66c3eb6fb1098b79eb29521fec658accf92e87ba13f01590fe42,[],"['FAMILY', ' TOOLS']",18,False,No,Yes,../Data/Application_Analysis/05B2499AB58C66C3EB6FB1098B79EB29521FEC658ACCF92E87BA13F01590FE42.apk/signed05B2499AB58C66C3EB6FB1098B79EB29521FEC658ACCF92E87BA13F01590FE42.apk,
07F006DC007E55DF653CFAA46FB90BC9B94E337E625FA660E9999984E1EF26BA.apk,31.0,com.economics168,com.economics168.ui.StartActivity,Yes,07f006dc007e55df653cfaa46fb90bc9b94e337e625fa660e9999984e1ef26ba,[],"['FAMILY', ' NEWS_AND_MAGAZINES']",90,False,No,No,,
2540B571F900A4BA90FFF2EA7526015C7E49E3CD6AC050D684C46A34F3BE3A10.apk,33.0,com.lomolsoft.language.learnthai,com.lomolsoft.language.learnthai.activity.WelActivity,Yes,2540b571f900a4ba90fff2ea7526015c7e49e3cd6ac050d684c46a34f3be3a10,[],"['FAMILY', ' EDUCATION']",63,False,No,Yes,../Data/Application_Analysis/2540B571F900A4BA90FFF2EA7526015C7E49E3CD6AC050D684C46A34F3BE3A10.apk/signed2540B571F900A4BA90FFF2EA7526015C7E49E3CD6AC050D684C46A34F3BE3A10.apk,
2BD6A9A975D6DDB322104A35181AB018D2DA45F9FF2C09AE40C4598C985FA43B.apk,31.0,com.kmdc.singdownloaderforsmule,com.kmdc.singdownloaderforsmule.main,Yes,2bd6a9a975d6ddb322104a35181ab018d2da45f9ff2c09ae40c4598c985fa43b,[],"['FAMILY', ' MUSIC_AND_AUDIO']",12,False,No,Yes,../Data/Application_Analysis/2BD6A9A975D6DDB322104A35181AB018D2DA45F9FF2C09AE40C4598C985FA43B.apk/signed2BD6A9A975D6DDB322104A35181AB018D2DA45F9FF2C09AE40C4598C985FA43B.apk,
15C52213250ECBE4D72C6FEEB5B8B8F0704835EEFD9B6F935A96FC9FD79DCF0E.apk,33.0,com.abiss.roem,com.hive.UnityPlayerActivity,Yes,15c52213250ecbe4d72c6feeb5b8b8f0704835eefd9b6f935a96fc9fd79dcf0e,[],"['FAMILY', ' GAME_ROLE_PLAYING', ' GAME_CASUAL']",73,False,No,No,,
0BC167335F1F593ECD96CC06043241B2CBFD87D6F3DC511FABF9CE8C5B5F6B40.apk,33.0,barnasoba.chromatic,crc646a228f4b101699fb.MainActivity,Yes,0bc167335f1f593ecd96cc06043241b2cbfd87d6f3dc511fabf9ce8c5b5f6b40,"['crc64d42a9c94284d6219.RewardInterstitialService.jimple', 'crc64d42a9c94284d6219.MyAdBannerListener.jimple', 'crc64d42a9c94284d6219.RewardService.jimple', 'crc64d42a9c94284d6219.InterstitialService.jimple']","['FAMILY', ' TOOLS']",31,True,No,Yes,../Data/Application_Analysis/0BC167335F1F593ECD96CC06043241B2CBFD87D6F3DC511FABF9CE8C5B5F6B40.apk/signed0BC167335F1F593ECD96CC06043241B2CBFD87D6F3DC511FABF9CE8C5B5F6B40.apk,
07CD496037AE25FE132C0C4D7BD49742A8754AAC7D42839A96B62736054F6EB3.apk,32.0,com.seraphic.openinet.pre,com.seraphic.openinet.ui.main.MainActivity,Yes,07cd496037ae25fe132c0c4d7bd49742a8754aac7d42839a96b62736054f6eb3,[],"['FAMILY', ' ENTERTAINMENT']",15,False,No,Yes,../Data/Application_Analysis/07CD496037AE25FE132C0C4D7BD49742A8754AAC7D42839A96B62736054F6EB3.apk/signed07CD496037AE25FE132C0C4D7BD49742A8754AAC7D42839A96B62736054F6EB3.apk,
1694177A89D82C3AAA439440AA9E4E849648EB12013597DCF48BA9FCDE2447D6.apk,33.0,com.lomolsoft.language.learnkannada,com.lomolsoft.language.learnkannada.activity.WelActivity,Yes,1694177a89d82c3aaa439440aa9e4e849648eb12013597dcf48ba9fcde2447d6,[],"['FAMILY', ' EDUCATION']",45,False,No,Yes,../Data/Application_Analysis/1694177A89D82C3AAA439440AA9E4E849648EB12013597DCF48BA9FCDE2447D6.apk/signed1694177A89D82C3AAA439440AA9E4E849648EB12013597DCF48BA9FCDE2447D6.apk,
2E21E23EF46D9C4773EAEEF05749491C8E032C7F134EF6011A3D922A7DA693FE.apk,33.0,com.shanghaidaily.shine,com.shanghaidaily.shine.MainActivity,Yes,2e21e23ef46d9c4773eaeef05749491c8e032c7f134ef6011a3d922a7da693fe,[],"['FAMILY', ' NEWS_AND_MAGAZINES']",37,False,No,Yes,../Data/Application_Analysis/2E21E23EF46D9C4773EAEEF05749491C8E032C7F134EF6011A3D922A7DA693FE.apk/signed2E21E23EF46D9C4773EAEEF05749491C8E032C7F134EF6011A3D922A7DA693FE.apk,
2D1D76CAEF282E40AE76FCAD2FFA94BD18690ABD652E804A6562AE9020345109.apk,33.0,com.mkapps.virtualtrading,com.niotron.tmk_june.vt118_20231015.Screen1,Yes,2d1d76caef282e40ae76fcad2ffa94bd18690abd652e804a6562ae9020345109,['com.niotron.tmk_june.vt118_20231015.Screen1.jimple'],"['FAMILY', ' FINANCE']",10,True,No,Yes,../Data/Application_Analysis/2D1D76CAEF282E40AE76FCAD2FFA94BD18690ABD652E804A6562AE9020345109.apk/signed2D1D76CAEF282E40AE76FCAD2FFA94BD18690ABD652E804A6562AE9020345109.apk,
030E96078A1F51ECFDA52B45AE14BBB14DA688B71081CE54603BE3EC7CC09B87.apk,33.0,com.lomolsoft.language.learnczech,com.lomolsoft.language.learnczech.activity.WelActivity,Yes,030e96078a1f51ecfda52b45ae14bbb14da688b71081ce54603be3ec7cc09b87,[],"['FAMILY', ' EDUCATION']",39,False,No,Yes,../Data/Application_Analysis/030E96078A1F51ECFDA52B45AE14BBB14DA688B71081CE54603BE3EC7CC09B87.apk/signed030E96078A1F51ECFDA52B45AE14BBB14DA688B71081CE54603BE3EC7CC09B87.apk,
15F4DFFBBB9826762117802BC9225193EF0A474D327F89183ECBE7C5D2F9C90E.apk,34.0,com.workingbytes4u.machinist.helper.free,com.workingbytes4u.machinist.helper.free.main,Yes,15f4dffbbb9826762117802bc9225193ef0a474d327f89183ecbe7c5d2f9c90e,[],"['FAMILY', ' TOOLS']",3,False,No,Yes,../Data/Application_Analysis/15F4DFFBBB9826762117802BC9225193EF0A474D327F89183ECBE7C5D2F9C90E.apk/signed15F4DFFBBB9826762117802BC9225193EF0A474D327F89183ECBE7C5D2F9C90E.apk,
0311BF9C8362A953247EB62B081059C23437B5850AE413CAF0285C67A1CDD52E.apk,31.0,com.closeli.eyeplus,com.arcsoft.closeli.SplashActivity,Yes,0311bf9c8362a953247eb62b081059c23437b5850ae413caf0285c67a1cdd52e,[],"['FAMILY', ' TOOLS']",69,False,No,Yes,../Data/Application_Analysis/0311BF9C8362A953247EB62B081059C23437B5850AE413CAF0285C67A1CDD52E.apk/signed0311BF9C8362A953247EB62B081059C23437B5850AE413CAF0285C67A1CDD52E.apk,
1F986835F422708AAA5B8B051B83E6B1E555AA4C482F9DBAE5DF0F13B87D6F76.apk,31.0,com.htwig.luvmehair,com.htwig.luvmehair.app.ui.splash.SplashActivity,Yes,1f986835f422708aaa5b8b051b83e6b1e555aa4c482f9dbae5df0f13b87d6f76,[],"['FAMILY', ' BEAUTY']",22,False,No,Yes,../Data/Application_Analysis/1F986835F422708AAA5B8B051B83E6B1E555AA4C482F9DBAE5DF0F13B87D6F76.apk/signed1F986835F422708AAA5B8B051B83E6B1E555AA4C482F9DBAE5DF0F13B87D6F76.apk,
11E158E5C7D32666A753F0E69A8E546D9B44E83F0FF66DFDE0DD311A415D120F.apk,31.0,com.bet007.mobile.score.d,com.huaying.mobile.score.activity.main.SplashScreenActivity,Yes,11e158e5c7d32666a753f0e69a8e546d9b44e83f0ff66dfde0dd311a415d120f,[],"['FAMILY', ' SPORTS']",28,False,No,Yes,../Data/Application_Analysis/11E158E5C7D32666A753F0E69A8E546D9B44E83F0FF66DFDE0DD311A415D120F.apk/signed11E158E5C7D32666A753F0E69A8E546D9B44E83F0FF66DFDE0DD311A415D120F.apk,
2B7BE5D1025AE9F48D365BB191A31A526796B2BC1F85D2461B2F891470513351.apk,33.0,com.lomolsoft.language.learnarmenian,com.lomolsoft.language.learnarmenian.activity.WelActivity,Yes,2b7be5d1025ae9f48d365bb191a31a526796b2bc1f85d2461b2f891470513351,[],"['FAMILY', ' EDUCATION']",40,False,No,Yes,../Data/Application_Analysis/2B7BE5D1025AE9F48D365BB191A31A526796B2BC1F85D2461B2F891470513351.apk/signed2B7BE5D1025AE9F48D365BB191A31A526796B2BC1F85D2461B2F891470513351.apk,
02515B1154BD5D878E667D493DF346B4C39EA5C47D07F5C528625FC321F42F28.apk,31.0,com.closeli.eyeplus,com.arcsoft.closeli.SplashActivity,Yes,02515b1154bd5d878e667d493df346b4c39ea5c47d07f5c528625fc321f42f28,[],"['FAMILY', ' TOOLS']",84,False,No,Yes,../Data/Application_Analysis/02515B1154BD5D878E667D493DF346B4C39EA5C47D07F5C528625FC321F42F28.apk/signed02515B1154BD5D878E667D493DF346B4C39EA5C47D07F5C528625FC321F42F28.apk,
003483FF2A74BF9B2AA6CC20850DF8D0EA0EEDC16089E6B65159D692157E658C.apk,31.0,ct.canlidoviz,ct.canlidoviz.main,Yes,003483ff2a74bf9b2aa6cc20850df8d0ea0eedc16089e6b65159d692157e658c,"['anywheresoftware.b4a.admobwrapper.AdViewWrapper.jimple', 'anywheresoftware.b4a.admobwrapper.AdViewWrapper$InterstitialAdWrapper$1.jimple', 'anywheresoftware.b4a.admobwrapper.AdViewWrapper$1.jimple', 'ct.canlidoviz.adshelper$MyAddOpenAdCallback.jimple']","['FAMILY', ' FINANCE']",7,True,No,Yes,../Data/Application_Analysis/003483FF2A74BF9B2AA6CC20850DF8D0EA0EEDC16089E6B65159D692157E658C.apk/signed003483FF2A74BF9B2AA6CC20850DF8D0EA0EEDC16089E6B65159D692157E658C.apk,
2CDA9850E073E5212B28F569580C6DE667C8890751B0E0E43CADCF9297FE5B91.apk,31.0,com.elamie1.rakroid,com.elamie1.rakroid.main,Yes,2cda9850e073e5212b28f569580c6de667c8890751b0e0e43cadcf9297fe5b91,"['com.adivery.sdk.x.jimple', 'anywheresoftware.b4a.admobwrapper.AdViewWrapper.jimple', 'com.elamie1.rakroid.adshelper$MyAddOpenAdCallback.jimple', 'com.adivery.sdk.s1$a.jimple', 'com.elamie1.rakroid.adshelper$MyRewardedInterstitialAdCallback.jimple', 'com.adivery.sdk.s1$g.jimple', 'com.adivery.sdk.s1$b.jimple', 'com.adivery.sdk.s1.jimple', 'com.adivery.sdk.s1$b$a.jimple', 'com.adivery.sdk.s1$d.jimple', 'com.adivery.sdk.s1$d$b.jimple', 'com.elamie1.rakroid.adshelper$MyRewardedAdCallback.jimple', 'anywheresoftware.b4a.admobwrapper.AdViewWrapper$InterstitialAdWrapper$1.jimple', 'anywheresoftware.b4a.admobwrapper.AdViewWrapper$1.jimple', 'com.adivery.sdk.s1$f.jimple', 'com.adivery.sdk.s1$a$a.jimple']","['FAMILY', ' ENTERTAINMENT']",12,True,No,No,,
124B59E0D0B52EB74D03B91D7D03DC90699702C5DA8D7AD7056A4A3B74F015FD.apk,31.0,shamimsoft.shamimyas,shamimsoft.shamimyas.main,Yes,124b59e0d0b52eb74d03b91d7d03dc90699702c5da8d7ad7056a4a3b74f015fd,[],"['FAMILY', ' PRODUCTIVITY']",6,False,No,No,,
153C729BD24862EB3A0FFD785344760DE34482153B83C0432970E425C5FD6399.apk,31.0,com.stardust.kissreader,com.stardust.kissreader.SplashActivity,Yes,153c729bd24862eb3a0ffd785344760de34482153b83c0432970e425c5fd6399,[],"['FAMILY', ' BOOKS_AND_REFERENCE']",34,False,No,Yes,../Data/Application_Analysis/153C729BD24862EB3A0FFD785344760DE34482153B83C0432970E425C5FD6399.apk/signed153C729BD24862EB3A0FFD785344760DE34482153B83C0432970E425C5FD6399.apk,
15BE8128AF75CEDA8F9E8A10CC27750D11BE264D5B075FEA13658E3A41A5CE12.apk,23.0,com.kwai.video,com.yxcorp.gifshow.HomeActivity,Yes,15be8128af75ceda8f9e8a10cc27750d11be264d5b075fea13658e3a41a5ce12,['com.yxcorp.gifshow.activity.UserInfoEditActivity.jimple'],"['FAMILY', ' VIDEO_PLAYERS']",28,True,No,No,,
27948DE94F5099EBE68C6BCF30E5A46FF178084B195D5497AF31501E33163374.apk,32.0,com.seraphic.openinet.pre,com.seraphic.openinet.ui.main.MainActivity,Yes,27948de94f5099ebe68c6bcf30e5a46ff178084b195d5497af31501e33163374,[],"['FAMILY', ' ENTERTAINMENT']",15,False,No,Yes,../Data/Application_Analysis/27948DE94F5099EBE68C6BCF30E5A46FF178084B195D5497AF31501E33163374.apk/signed27948DE94F5099EBE68C6BCF30E5A46FF178084B195D5497AF31501E33163374.apk,
1D1094028D6D533F7F7F3E5F9D8B094EAE1935573DE51BD6A96B5EBAFCD4244A.apk,33.0,com.casualbox.studio.butcher,com.unity3d.player.UnityPlayerActivity,Yes,1d1094028d6d533f7f7f3e5f9d8b094eae1935573de51bd6a96b5ebafcd4244a,[],"['FAMILY', ' GAME_CASUAL']",41,False,No,Yes,../Data/Application_Analysis/1D1094028D6D533F7F7F3E5F9D8B094EAE1935573DE51BD6A96B5EBAFCD4244A.apk/signed1D1094028D6D533F7F7F3E5F9D8B094EAE1935573DE51BD6A96B5EBAFCD4244A.apk,
26C9193B989249B5B367E6AB10BD628858C8DFC31C50C5294EF1B4E46178F9F2.apk,33.0,com.hawsoft.mobile.speechtrans,com.hawsoft.mobile.speechtrans.Appstart,Yes,26c9193b989249b5b367e6ab10bd628858c8dfc31c50c5294ef1b4e46178f9f2,[],"['FAMILY', ' TRAVEL_AND_LOCAL']",16,False,No,Yes,../Data/Application_Analysis/26C9193B989249B5B367E6AB10BD628858C8DFC31C50C5294EF1B4E46178F9F2.apk/signed26C9193B989249B5B367E6AB10BD628858C8DFC31C50C5294EF1B4E46178F9F2.apk,
0AC6E4ABD31A8170FAD329C7A1DB9BFA06CC879168BBD5037862DBF2968CF1E5.apk,31.0,com.kbzbank.kpaycustomer,com.huawei.kbz.ui.base.LaunchActivity,Yes,0ac6e4abd31a8170fad329c7a1db9bfa06cc879168bbd5037862dbf2968cf1e5,[],"['FAMILY', ' FINANCE']",48,False,No,Yes,../Data/Application_Analysis/0AC6E4ABD31A8170FAD329C7A1DB9BFA06CC879168BBD5037862DBF2968CF1E5.apk/signed0AC6E4ABD31A8170FAD329C7A1DB9BFA06CC879168BBD5037862DBF2968CF1E5.apk,
2325BCD1B9460D842B1D7BA9730BC30FB51D24430C470907640CD2ACEF48B2D1.apk,31.0,com.ycc365plus.aws,com.arcsoft.closeli.SplashActivity,Yes,2325bcd1b9460d842b1d7ba9730bc30fb51d24430c470907640cd2acef48b2d1,[],"['FAMILY', ' TOOLS']",84,False,No,Yes,../Data/Application_Analysis/2325BCD1B9460D842B1D7BA9730BC30FB51D24430C470907640CD2ACEF48B2D1.apk/signed2325BCD1B9460D842B1D7BA9730BC30FB51D24430C470907640CD2ACEF48B2D1.apk,
209943B80D67E5453F7A551271A2BDE36EDD1DA7A8564D7F197CBE4320B32E51.apk,33.0,mayyrob.cdmr,mayyrob.cdmr.main,Yes,209943b80d67e5453f7a551271a2bde36edd1da7a8564d7f197cbe4320b32e51,"['anywheresoftware.b4a.admobwrapper.AdViewWrapper.jimple', 'anywheresoftware.b4a.admobwrapper.AdViewWrapper$InterstitialAdWrapper$1.jimple', 'anywheresoftware.b4a.admobwrapper.AdViewWrapper$1.jimple']","['FAMILY', ' AUTO_AND_VEHICLES']",6,True,No,No,,
1FEB7E6DD377ED31C3829E0CD54BD0C683B1A4A60673F4E77AA5336BFD714E70.apk,32.0,com.seraphic.openinet.pre,com.seraphic.openinet.ui.main.MainActivity,Yes,1feb7e6dd377ed31c3829e0cd54bd0c683b1a4a60673f4e77aa5336bfd714e70,[],"['FAMILY', ' ENTERTAINMENT']",14,False,No,Yes,../Data/Application_Analysis/1FEB7E6DD377ED31C3829E0CD54BD0C683B1A4A60673F4E77AA5336BFD714E70.apk/signed1FEB7E6DD377ED31C3829E0CD54BD0C683B1A4A60673F4E77AA5336BFD714E70.apk,
10F252B1DED5430799A57928B8B6300C15B445431F50F221103DDC7C4367EE39.apk,33.0,com.stardust.kissreader,com.stardust.kissreader.SplashActivity,Yes,10f252b1ded5430799a57928b8b6300c15b445431f50f221103ddc7c4367ee39,[],"['FAMILY', ' BOOKS_AND_REFERENCE']",34,False,No,Yes,../Data/Application_Analysis/10F252B1DED5430799A57928B8B6300C15B445431F50F221103DDC7C4367EE39.apk/signed10F252B1DED5430799A57928B8B6300C15B445431F50F221103DDC7C4367EE39.apk,
2C338A77F0EFF6B811433351889D2574CDB6F56D93E6806FFE03FCDE2F8C863F.apk,31.0,in.odiaportal.odiajataka,io.kodular.iambhabani99.Odia_Jataka.Screen1,Yes,2c338a77f0eff6b811433351889d2574cdb6f56d93e6806ffe03fcde2f8c863f,[],"['FAMILY', ' LIFESTYLE']",11,False,No,Yes,../Data/Application_Analysis/2C338A77F0EFF6B811433351889D2574CDB6F56D93E6806FFE03FCDE2F8C863F.apk/signed2C338A77F0EFF6B811433351889D2574CDB6F56D93E6806FFE03FCDE2F8C863F.apk,
0468A367CA1F5ECFBE35DEB6081C814400FE119AA94924A0C6E6F7D64D7F4BDF.apk,32.0,com.thehot.halovpnpro,com.thehot.halovpnpro.ui.SplashActivity,Yes,0468a367ca1f5ecfbe35deb6081c814400fe119aa94924a0c6e6f7d64d7f4bdf,[],"['FAMILY', ' TOOLS']",83,False,No,No,,
1A277ECE817DCF1F7BB1E0F75A9A94637CAD740F13CCAA6EDCD6361EC91E01B5.apk,33.0,com.meecast.casttv,com.meecast.casttv.ui.SplashActivity,Yes,1a277ece817dcf1f7bb1e0f75a9a94637cad740f13ccaa6edcd6361ec91e01b5,[],"['FAMILY', ' VIDEO_PLAYERS']",25,False,No,Yes,../Data/Application_Analysis/1A277ECE817DCF1F7BB1E0F75A9A94637CAD740F13CCAA6EDCD6361EC91E01B5.apk/signed1A277ECE817DCF1F7BB1E0F75A9A94637CAD740F13CCAA6EDCD6361EC91E01B5.apk,
233E1C9BC76DA49003484AD56171AAB33617D2F6D4E3C76AACA96D4DB344DDE6.apk,33.0,com.jntc.clockwavesync,com.jntc.clockwavesync.WelcomActivity,Yes,233e1c9bc76da49003484ad56171aab33617d2f6d4e3c76aaca96d4db344dde6,[],"['FAMILY', ' TOOLS']",12,False,No,Yes,../Data/Application_Analysis/233E1C9BC76DA49003484AD56171AAB33617D2F6D4E3C76AACA96D4DB344DDE6.apk/signed233E1C9BC76DA49003484AD56171AAB33617D2F6D4E3C76AACA96D4DB344DDE6.apk,
0069A3CFFC419660BF6D820E3D4B2337C5EB94E07C3867AB0FA5A3106E7DA51A.apk,31.0,com.htwig.luvmehair,com.htwig.luvmehair.app.ui.splash.SplashActivity,Yes,0069a3cffc419660bf6d820e3d4b2337c5eb94e07c3867ab0fa5a3106e7da51a,[],"['FAMILY', ' BEAUTY']",22,False,No,Yes,../Data/Application_Analysis/0069A3CFFC419660BF6D820E3D4B2337C5EB94E07C3867AB0FA5A3106E7DA51A.apk/signed0069A3CFFC419660BF6D820E3D4B2337C5EB94E07C3867AB0FA5A3106E7DA51A.apk,
09D2ADF8AF1448A5E98D9E09F76218E3AF6A4D585FBA3B20B120E95740C5FC03.apk,33.0,com.lomolsoft.language.learnhebrew,com.lomolsoft.language.learnhebrew.activity.WelActivity,Yes,09d2adf8af1448a5e98d9e09f76218e3af6a4d585fba3b20b120e95740c5fc03,[],"['FAMILY', ' EDUCATION']",71,False,No,Yes,../Data/Application_Analysis/09D2ADF8AF1448A5E98D9E09F76218E3AF6A4D585FBA3B20B120E95740C5FC03.apk/signed09D2ADF8AF1448A5E98D9E09F76218E3AF6A4D585FBA3B20B120E95740C5FC03.apk,
0DFC4B4676053AF9FAAC8D7AEBDF949F6A028B6B144207C6AC968557663F833C.apk,33.0,com.lomolsoft.language.learngreek,com.lomolsoft.language.learngreek.activity.WelActivity,Yes,0dfc4b4676053af9faac8d7aebdf949f6a028b6b144207c6ac968557663f833c,[],"['FAMILY', ' EDUCATION']",61,False,No,Yes,../Data/Application_Analysis/0DFC4B4676053AF9FAAC8D7AEBDF949F6A028B6B144207C6AC968557663F833C.apk/signed0DFC4B4676053AF9FAAC8D7AEBDF949F6A028B6B144207C6AC968557663F833C.apk,
07FEDACF80C0B72F0B5D351FF3CE2CA34D6FB6724DABC85296C9D411984ED572.apk,33.0,com.lomolsoft.dict.fedict,com.lomolsoft.dict.fedict.activity.WelActivity,Yes,07fedacf80c0b72f0b5d351ff3ce2ca34d6fb6724dabc85296c9d411984ed572,[],"['FAMILY', ' BOOKS_AND_REFERENCE']",48,False,No,Yes,../Data/Application_Analysis/07FEDACF80C0B72F0B5D351FF3CE2CA34D6FB6724DABC85296C9D411984ED572.apk/signed07FEDACF80C0B72F0B5D351FF3CE2CA34D6FB6724DABC85296C9D411984ED572.apk,
14BFF18B072C20B908197B9CE16C3271F7CCB77B5ED13C92C8853D6ED2626C07.apk,33.0,com.jntc.clockwavesync,com.jntc.clockwavesync.WelcomActivity,Yes,14bff18b072c20b908197b9ce16c3271f7ccb77b5ed13c92c8853d6ed2626c07,[],"['FAMILY', ' TOOLS']",12,False,No,Yes,../Data/Application_Analysis/14BFF18B072C20B908197B9CE16C3271F7CCB77B5ED13C92C8853D6ED2626C07.apk/signed14BFF18B072C20B908197B9CE16C3271F7CCB77B5ED13C92C8853D6ED2626C07.apk,
1A8812BC583CD77C61EE641165A561C3F1828CE1EC41F3BFA8939B9515E24EE6.apk,33.0,com.lomolsoft.dict.hedict,com.lomolsoft.dict.hedict.activity.WelActivity,Yes,1a8812bc583cd77c61ee641165a561c3f1828ce1ec41f3bfa8939b9515e24ee6,[],"['FAMILY', ' BOOKS_AND_REFERENCE']",56,False,No,Yes,../Data/Application_Analysis/1A8812BC583CD77C61EE641165A561C3F1828CE1EC41F3BFA8939B9515E24EE6.apk/signed1A8812BC583CD77C61EE641165A561C3F1828CE1EC41F3BFA8939B9515E24EE6.apk,
295EAF8C49997AF6D32F4C775D847DAAA508A1B0E2524107863DB962C82ABA44.apk,33.0,com.lomolsoft.language.learnbulgarian,com.lomolsoft.language.learnbulgarian.activity.WelActivity,Yes,295eaf8c49997af6d32f4c775d847daaa508a1b0e2524107863db962c82aba44,[],"['FAMILY', ' EDUCATION']",71,False,No,Yes,../Data/Application_Analysis/295EAF8C49997AF6D32F4C775D847DAAA508A1B0E2524107863DB962C82ABA44.apk/signed295EAF8C49997AF6D32F4C775D847DAAA508A1B0E2524107863DB962C82ABA44.apk,
0C01126C72E8CEABB6727ED1CCCC82A365AEAA416BE21DAC5661597AB7037B6B.apk,33.0,tunnel.entclass.vpn,com.technore.tunnel.activities.MainActivity,Yes,0c01126c72e8ceabb6727ed1cccc82a365aeaa416be21dac5661597ab7037b6b,"['u3.bw.jimple', 'u3.o00.jimple', 'v1.b.jimple', 'u3.sp.jimple']","['FAMILY', ' TOOLS']",92,True,No,Yes,../Data/Application_Analysis/0C01126C72E8CEABB6727ED1CCCC82A365AEAA416BE21DAC5661597AB7037B6B.apk/signed0C01126C72E8CEABB6727ED1CCCC82A365AEAA416BE21DAC5661597AB7037B6B.apk,
2B89A45769DA200B5FCEAE4DBB324433A3D4FE769C6EF4DBF3268086C6B117DB.apk,34.0,cn.trinea.android.developertools,c.b.a,Yes,2b89a45769da200b5fceae4dbb324433a3d4fe769c6ef4dbf3268086c6b117db,[],"['FAMILY', ' TOOLS']",8,False,No,Yes,../Data/Application_Analysis/2B89A45769DA200B5FCEAE4DBB324433A3D4FE769C6EF4DBF3268086C6B117DB.apk/signed2B89A45769DA200B5FCEAE4DBB324433A3D4FE769C6EF4DBF3268086C6B117DB.apk,
1CF0BDEA7AB44EB59F3D4A046D5AF95C0B6FD9BE5410C2C389ED60964BAFC6A0.apk,31.0,com.finetpro,com.finetpro.base.activity.SplashActivity,Yes,1cf0bdea7ab44eb59f3d4a046d5af95c0b6fd9be5410c2c389ed60964bafc6a0,[],"['FAMILY', ' NEWS_AND_MAGAZINES']",31,False,No,Yes,../Data/Application_Analysis/1CF0BDEA7AB44EB59F3D4A046D5AF95C0B6FD9BE5410C2C389ED60964BAFC6A0.apk/signed1CF0BDEA7AB44EB59F3D4A046D5AF95C0B6FD9BE5410C2C389ED60964BAFC6A0.apk,
1A9CC52FFA460B0DE8DE03146A10FE2F21BC45FAB16C4A075C82CB65841BA548.apk,33.0,com.burakgon.gamebooster3,com.burakgon.gamebooster3.ui.activities.splash.SplashActivity,Yes,1a9cc52ffa460b0de8de03146a10fe2f21bc45fab16c4a075c82cb65841ba548,[],"['FAMILY', ' ENTERTAINMENT']",42,False,No,No,,
16E7655E59B6300C942B7046874066C58EBE9E693AC9FEA6AC18CEE70B784440.apk,31.0,com.closeli.eyeplus,com.arcsoft.closeli.SplashActivity,Yes,16e7655e59b6300c942b7046874066c58ebe9e693ac9fea6ac18cee70b784440,[],"['FAMILY', ' TOOLS']",64,False,No,Yes,../Data/Application_Analysis/16E7655E59B6300C942B7046874066C58EBE9E693AC9FEA6AC18CEE70B784440.apk/signed16E7655E59B6300C942B7046874066C58EBE9E693AC9FEA6AC18CEE70B784440.apk,
1155FC5D3EA8FFF10600DDD9696B635CE626F4C1805014A7A735C941AF3ACCA7.apk,33.0,com.ddrmic.yambmp,com.ddrmic.yambmp.main,Yes,1155fc5d3ea8fff10600ddd9696b635ce626f4c1805014a7a735c941af3acca7,"['anywheresoftware.b4a.admobwrapper.AdViewWrapper.jimple', 'anywheresoftware.b4a.admobwrapper.AdViewWrapper$InterstitialAdWrapper$1.jimple', 'anywheresoftware.b4a.admobwrapper.AdViewWrapper$1.jimple']","['FAMILY', ' GAME_BOARD', ' GAME_CASUAL']",11,True,No,No,,
0DD61CB1F71AE9AFF6A8DC67DEA84CBD0317E3AEF95C875A8E022EC8267EF695.apk,33.0,com.ddrmic.penaltyworldcupbrazil2014,com.ddrmic.penaltyworldcupbrazil2014.main,Yes,0dd61cb1f71ae9aff6a8dc67dea84cbd0317e3aef95c875a8e022ec8267ef695,"['anywheresoftware.b4a.admobwrapper.AdViewWrapper.jimple', 'anywheresoftware.b4a.admobwrapper.AdViewWrapper$InterstitialAdWrapper$1.jimple', 'anywheresoftware.b4a.admobwrapper.AdViewWrapper$1.jimple']","['FAMILY', ' GAME_SPORTS']",8,True,No,No,,
2CA414340473F9E706848CC75EE3D8A58B1FBE33A8B0E60EE0BB30B877A7B8D5.apk,31.0,com.my.acanet,com.my.acanet.MainActivity,Yes,2ca414340473f9e706848cc75ee3d8a58b1fbe33a8b0e60ee0bb30b877a7b8d5,"['com.my.acanet.LimpopoActivity.jimple', 'com.my.acanet.StatuActivity.jimple', 'com.my.acanet.Admob.jimple', 'com.my.acanet.CompetitionActivity.jimple', 'com.my.acanet.NorthernCapeActivity.jimple', 'com.my.acanet.StatusActivity.jimple', 'com.my.acanet.ProfileUiActivity.jimple', 'com.my.acanet.EditorActivity.jimple', 'com.my.acanet.KwazuluNatalActivity.jimple', 'com.my.acanet.WesternCapeActivity.jimple', 'com.my.acanet.FreeStateActivity.jimple', 'com.my.acanet.NorthWestActivity.jimple', 'com.my.acanet.ImageActivity.jimple', 'com.my.acanet.FinancialaidActivity.jimple', 'com.my.acanet.NotepadActivity.jimple', 'com.my.acanet.GautengActivity.jimple', 'com.my.acanet.EasternCapeActivity.jimple', 'com.my.acanet.ProspectusActivity.jimple', 'com.my.acanet.MpumalangaActivity.jimple', 'com.my.acanet.UniversityActivity.jimple', 'com.my.acanet.DitabaActivity.jimple', 'com.my.acanet.CollegesActivity.jimple', 'com.my.acanet.LinksActivity.jimple']","['FAMILY', ' EDUCATION']",12,True,No,Yes,../Data/Application_Analysis/2CA414340473F9E706848CC75EE3D8A58B1FBE33A8B0E60EE0BB30B877A7B8D5.apk/signed2CA414340473F9E706848CC75EE3D8A58B1FBE33A8B0E60EE0BB30B877A7B8D5.apk,
17C90C42DC54C6F2B2970F9ADC597B8D0E0E23739F0C1E966E3D0B2246206211.apk,33.0,com.lomolsoft.language.learncroatian,com.lomolsoft.language.learncroatian.activity.WelActivity,Yes,17c90c42dc54c6f2b2970f9adc597b8d0e0e23739f0c1e966e3d0b2246206211,[],"['FAMILY', ' EDUCATION']",43,False,No,Yes,../Data/Application_Analysis/17C90C42DC54C6F2B2970F9ADC597B8D0E0E23739F0C1E966E3D0B2246206211.apk/signed17C90C42DC54C6F2B2970F9ADC597B8D0E0E23739F0C1E966E3D0B2246206211.apk,
09D077DA067D3015961E3B5C7B707DEFA2580BC24A1D83EA45FDE3834B337FBD.apk,26.0,com.kwai.video,com.yxcorp.gifshow.HomeActivity,Yes,09d077da067d3015961e3b5c7b707defa2580bc24a1d83ea45fde3834b337fbd,['com.yxcorp.gifshow.activity.UserInfoEditActivity.jimple'],"['FAMILY', ' VIDEO_PLAYERS']",28,True,No,No,,
30B2A892E57B6B1B81F216D92CA3BFC938E42C66B730EF4A6C95CF4FB3F45B22.apk,31.0,com.stardust.kissreader,com.stardust.kissreader.SplashActivity,Yes,30b2a892e57b6b1b81f216d92ca3bfc938e42c66b730ef4a6c95cf4fb3f45b22,[],"['FAMILY', ' BOOKS_AND_REFERENCE']",36,False,No,No,,
27D133FC7A65F333C33F5B09DC7C22E045ECF55201B9FD55A8E0AF6EBF69DFE6.apk,31.0,com.shoujiduoduo.dj,com.duoduo.dj.MainActivity,Yes,27d133fc7a65f333c33f5b09dc7c22e045ecf55201b9fd55a8e0af6ebf69dfe6,[],"['FAMILY', ' MUSIC_AND_AUDIO']",13,False,No,Yes,../Data/Application_Analysis/27D133FC7A65F333C33F5B09DC7C22E045ECF55201B9FD55A8E0AF6EBF69DFE6.apk/signed27D133FC7A65F333C33F5B09DC7C22E045ECF55201B9FD55A8E0AF6EBF69DFE6.apk,
05C9575AADFBC41A1205580E3BF5CC7091719E4CFDC0A4245D6E6180163DE260.apk,31.0,com.pandacomm.baneks,com.pandacomm.baneks.ui.activity.LunchActivity,Yes,05c9575aadfbc41a1205580e3bf5cc7091719e4cfdc0a4245d6e6180163de260,[],"['FAMILY', ' FINANCE']",35,False,No,Yes,../Data/Application_Analysis/05C9575AADFBC41A1205580E3BF5CC7091719E4CFDC0A4245D6E6180163DE260.apk/signed05C9575AADFBC41A1205580E3BF5CC7091719E4CFDC0A4245D6E6180163DE260.apk,
03B6EBB3E4FA431476FC2DE565D1F27464CD0888AC06A9551DB036CBD08EEE1E.apk,32.0,com.thehot.halovpnpro,com.thehot.halovpnpro.ui.SplashActivity,Yes,03b6ebb3e4fa431476fc2de565d1f27464cd0888ac06a9551db036cbd08eee1e,[],"['FAMILY', ' TOOLS']",83,False,No,Yes,../Data/Application_Analysis/03B6EBB3E4FA431476FC2DE565D1F27464CD0888AC06A9551DB036CBD08EEE1E.apk/signed03B6EBB3E4FA431476FC2DE565D1F27464CD0888AC06A9551DB036CBD08EEE1E.apk,
279C30661CFA2C0A915EAF725005C137D5FB59457E0AFE104F26F671DA43784A.apk,33.0,com.burakgon.gamebooster3,com.burakgon.gamebooster3.ui.activities.splash.SplashActivity,Yes,279c30661cfa2c0a915eaf725005c137d5fb59457e0afe104f26f671da43784a,[],"['FAMILY', ' ENTERTAINMENT']",41,False,No,No,,
0F3C5767CE8818265193F277A0EF380F24A0CABAB46708F069760E536D520F4A.apk,33.0,com.kbzbank.kpaycustomer,com.huawei.kbz.ui.base.LaunchActivity,Yes,0f3c5767ce8818265193f277a0ef380f24a0cabab46708f069760e536d520f4a,[],"['FAMILY', ' FINANCE']",53,False,No,Yes,../Data/Application_Analysis/0F3C5767CE8818265193F277A0EF380F24A0CABAB46708F069760E536D520F4A.apk/signed0F3C5767CE8818265193F277A0EF380F24A0CABAB46708F069760E536D520F4A.apk,
02B94928D67D4332E5822551565CAC0F538786E363B5C88ADFCDC5FA3AC4D017.apk,33.0,com.lomolsoft.language.learnpersian,com.lomolsoft.language.learnpersian.activity.WelActivity,Yes,02b94928d67d4332e5822551565cac0f538786e363b5c88adfcdc5fa3ac4d017,[],"['FAMILY', ' EDUCATION']",58,False,No,Yes,../Data/Application_Analysis/02B94928D67D4332E5822551565CAC0F538786E363B5C88ADFCDC5FA3AC4D017.apk/signed02B94928D67D4332E5822551565CAC0F538786E363B5C88ADFCDC5FA3AC4D017.apk,
2C2426F665796E28B39B0321735F461929087B43DDB19CCB1320824D1EE4220F.apk,33.0,com.lomolsoft.language.learnvietnamese,com.lomolsoft.language.learnvietnamese.activity.WelActivity,Yes,2c2426f665796e28b39b0321735f461929087b43ddb19ccb1320824d1ee4220f,[],"['FAMILY', ' EDUCATION']",72,False,No,Yes,../Data/Application_Analysis/2C2426F665796E28B39B0321735F461929087B43DDB19CCB1320824D1EE4220F.apk/signed2C2426F665796E28B39B0321735F461929087B43DDB19CCB1320824D1EE4220F.apk,
101AE6217698A8A9639BDFD13C30B6C4188AA6E92F4A9E365515BD3C5A6C4B0E.apk,31.0,com.closeli.eyeplus,com.arcsoft.closeli.SplashActivity,Yes,101ae6217698a8a9639bdfd13c30b6c4188aa6e92f4a9e365515bd3c5a6c4b0e,[],"['FAMILY', ' TOOLS']",66,False,No,Yes,../Data/Application_Analysis/101AE6217698A8A9639BDFD13C30B6C4188AA6E92F4A9E365515BD3C5A6C4B0E.apk/signed101AE6217698A8A9639BDFD13C30B6C4188AA6E92F4A9E365515BD3C5A6C4B0E.apk,
1909E8577D22FB50F0097539715121F79C5CD65120BD0AFF5BC96C1BCC113331.apk,34.0,com.ludoy.colorhole,com.unity3d.player.UnityPlayerActivity,Yes,1909e8577d22fb50f0097539715121f79c5cd65120bd0aff5bc96c1bcc113331,[],"['FAMILY', ' GAME_CASUAL']",41,False,No,Yes,../Data/Application_Analysis/1909E8577D22FB50F0097539715121F79C5CD65120BD0AFF5BC96C1BCC113331.apk/signed1909E8577D22FB50F0097539715121F79C5CD65120BD0AFF5BC96C1BCC113331.apk,
2669166FD902967B9507DDD14213E8B4D4CAAF98520D2304945863D865159740.apk,31.0,com.htwig.luvmehair,com.htwig.luvmehair.app.ui.splash.SplashActivity,Yes,2669166fd902967b9507ddd14213e8b4d4caaf98520d2304945863d865159740,[],"['FAMILY', ' BEAUTY']",22,False,No,Yes,../Data/Application_Analysis/2669166FD902967B9507DDD14213E8B4D4CAAF98520D2304945863D865159740.apk/signed2669166FD902967B9507DDD14213E8B4D4CAAF98520D2304945863D865159740.apk,
19B3C283B02B627DA6CFEDD2EA6CF1A14A7DBEA1237BD0E14651C5FD8AC9A25C.apk,31.0,br.com.aplicativosejogos.textosdeamor,br.com.aplicativosejogos.textosdeamor.main,Yes,19b3c283b02b627da6cfedd2ea6cf1a14a7dbea1237bd0e14651c5fd8ac9a25c,"['anywheresoftware.b4a.admobwrapper.AdViewWrapper.jimple', 'br.com.aplicativosejogos.textosdeamor.criatexto$ResumableSub_LoadNativeAd.jimple', 'br.com.aplicativosejogos.textosdeamor.main$MyAdListener.jimple', 'br.com.aplicativosejogos.textosdeamor.adshelper$MyAddOpenAdCallback.jimple', 'br.com.aplicativosejogos.textosdeamor.main$ResumableSub_LoadNativeAd.jimple', 'br.com.aplicativosejogos.textosdeamor.criatexto$MyAdListener.jimple', 'anywheresoftware.b4a.admobwrapper.AdViewWrapper$InterstitialAdWrapper$1.jimple', 'anywheresoftware.b4a.admobwrapper.AdViewWrapper$1.jimple']","['FAMILY', ' LIFESTYLE']",11,True,No,Yes,../Data/Application_Analysis/19B3C283B02B627DA6CFEDD2EA6CF1A14A7DBEA1237BD0E14651C5FD8AC9A25C.apk/signed19B3C283B02B627DA6CFEDD2EA6CF1A14A7DBEA1237BD0E14651C5FD8AC9A25C.apk,
09F160988025C302ACCAC9547D0401AF7546828CEF4F69D32B6E82FF9C480533.apk,33.0,com.thehot.haloswan,com.thehot.haloswan.ui.SplashActivity,Yes,09f160988025c302accac9547d0401af7546828cef4f69d32b6e82ff9c480533,[],"['FAMILY', ' TOOLS']",56,False,No,Yes,../Data/Application_Analysis/09F160988025C302ACCAC9547D0401AF7546828CEF4F69D32B6E82FF9C480533.apk/signed09F160988025C302ACCAC9547D0401AF7546828CEF4F69D32B6E82FF9C480533.apk,
