App_Name,App_Hash,Results,VirusTotal Label,File_Size,Package,SDKVersion,Genre,User_Installs,Number_Of_Reviews,Score,Has_Ads,Developer,URL
Roblox_2.568.524_Apkpure,211d393be9ac61a7337c1002ba238c3e50186fff9723d808ee8744cab3cf15e2,0,,152.03860664367676,com.roblox.client,21,Adventure,"1,000,000,000+",3384971,4.4367294,False,Roblox Corporation,https://play.google.com/store/apps/details?id=com.roblox.client&hl=en&gl=us
AudiomackMusicDownloader6.25.4Apkpure,a070a78a18adc558d7f3a279a12d3f44a6012fe1cbe7db83aa04dd24a66d261d,0,,38.10438919067383,com.audiomack,21,Music & Audio,"100,000,000+",185174,4.756131,True,Audiomack Music Apps,https://play.google.com/store/apps/details?id=com.audiomack&hl=en&gl=us
GooglePaySaveandPay181.1.3arm64-v8areleaseflutterApkpure,9b340d434ced1bd5687a8c6d2f77c34480b382b2ee9383100af0fcc84aaa0e5d,0,,55.03916263580322,com.google.android.apps.nbu.paisa.user,21,Finance,"1,000,000,000+",22428,4.0128927,False,Google LLC,https://play.google.com/store/apps/details?id=com.google.android.apps.nbu.paisa.user&hl=en&gl=us
GoogleTranslate7.6.30.538653321.1-releaseApkpure,4196f5123fe29fde6116d767f2286303d9526b5e161fd5ada69a699233894e4e,0,,31.602927207946777,com.google.android.apps.translate,26,Tools,"1,000,000,000+",186171,4.157485,False,Google LLC,https://play.google.com/store/apps/details?id=com.google.android.apps.translate&hl=en&gl=us
WebComics-WebtoonManga3.1.91Apkpure,20348887e8a6f898b828e06c97f2515afbaa55ebd4dab550d81309d27eb75f7c,0,,31.551833152770996,com.webcomics.manga,19,Comics,"10,000,000+",25288,4.2444406,True,WEBCOMICS HOLDINGS HK LIMITED,https://play.google.com/store/apps/details?id=com.webcomics.manga&hl=en&gl=us
YouCamMakeup-SelfieEditor6.10.1Apkpure,3d048d40c9bb5f536acb6395350502b31eede8a24966b1ce1c04cc189106d14e,0,,111.42632865905762,com.cyberlink.youcammakeup,24,Photography,"100,000,000+",90492,4.3291626,True,Perfect Mobile Corp. Photo & Video Beauty Editor,https://play.google.com/store/apps/details?id=com.cyberlink.youcammakeup&hl=en&gl=us
LaneLibrariesMobileApp2022.1.6Apkpure,c5ab82199785347510edfd8c824183b9efb2c5fa6eb9a798e3413fab03f7cb34,0,,7.664790153503418,us.sol.LaneLibraries,22,Lifestyle,"1,000+",2,4.7777777,False,Solus UK Ltd,https://play.google.com/store/apps/details?id=us.sol.LaneLibraries&hl=en&gl=us
Turo-Findyourdrive23.23.2Apkpure,954ac13f9995dbc4c694a43fe73b7baa347026440afe04de7f1cdf5b1df7d46f,0,,43.872915267944336,com.relayrides.android.relayrides,24,Travel & Local,"10,000,000+",54660,4.893449,False,Turo Inc.,https://play.google.com/store/apps/details?id=com.relayrides.android.relayrides&hl=en&gl=us
BooksyforCustomers2.10.2354Apkpure,5ec3556eb8efd7f46f5e4cd397d4dea0fac560d0ac57b924f86d36a8c59f515d,0,,23.952011108398438,net.booksy.customer,21,Beauty,"10,000,000+",18330,4.9060435,False,Booksy International sp. z o.o.,https://play.google.com/store/apps/details?id=net.booksy.customer&hl=en&gl=us
Starfall3.1.66Apkpure,906cd442ad059cb2529dfac57e672dcf63bc04b96b0d70da6df1c66a94e19709,0,,74.53794002532959,air.com.starfall.more,19,Education,"5,000,000+",5972,4.0784616,False,Starfall Education Foundation,https://play.google.com/store/apps/details?id=air.com.starfall.more&hl=en&gl=us
Houzz-HomeDesignRemodel23.6.20Apkpure,6700f8b5a3c4163d26281d33ad3b965dd315e9e4229d16c412fe7dc02326c8ff,0,,256.40681171417236,com.houzz.app,23,House & Home,"10,000,000+",39666,4.6226664,True,Houzz Inc.,https://play.google.com/store/apps/details?id=com.houzz.app&hl=en&gl=us
AmazonBusinessB2BShopping26.12.0.451Apkpure,e205ef1583193c642f1cae8086665e43c96067fb972844ab5a4c4fe77f627937,0,,66.44868659973145,com.amazon.mShop.android.business.shopping,26,Shopping,"1,000,000+",715,4.3264923,True,Amazon Mobile LLC,https://play.google.com/store/apps/details?id=com.amazon.mShop.android.business.shopping&hl=en&gl=us
Винлаб—алкогольныенапитки4.5.6Apkpure,6c361853e61e5c9a3ef75397e3dec064108c9902dad2331a6d3a5a140becfbbe,0,,16.509172439575195,ru.winelab,23,Food & Drink,"500,000+",3,4.8,False,WineLab,https://play.google.com/store/apps/details?id=ru.winelab&hl=en&gl=us
WhatsAppBusiness2.23.12.78Apkpure,22bd08868d1a25eeb19eeff368a9c40b4e488d056ccc1f6c7995789579861406,0,,55.29088497161865,com.whatsapp.w4b,21,Communication,"1,000,000,000+",44335,4.381265,False,WhatsApp LLC,https://play.google.com/store/apps/details?id=com.whatsapp.w4b&hl=en&gl=us
NerdWalletManageYourMoney11.1.0Apkpure,41843f057fcb56c8faeadb0874ad75d451bfdd6c56c8646befc200e9abb6dc79,0,,151.83006763458252,com.mobilecreditcards,26,Finance,"1,000,000+",6055,4.487091,False,NerdWallet,https://play.google.com/store/apps/details?id=com.mobilecreditcards&hl=en&gl=us
AutotraderShopCarsForSale4.1.22Apkpure,23407e8712716302835e217065c72d8df1598f1124ad50e2d0117e1284617f8a,0,,29.74909210205078,com.autotrader.android,23,Auto & Vehicles,"5,000,000+",10793,2.6644924,True,"Autotrader, Inc.",https://play.google.com/store/apps/details?id=com.autotrader.android&hl=en&gl=us
ClipStudioPaint2.0.5Apkpure,c9ade477c87b0fbbcd9801db96f5de578b0eca1f8b5bac5862cf02d646d75c26,0,,580.5993089675903,jp.co.celsys.clipstudiopaint.googleplay,28,Art & Design,"5,000,000+",1967,3.3835616,False,"CELSYS,Inc.",https://play.google.com/store/apps/details?id=jp.co.celsys.clipstudiopaint.googleplay&hl=en&gl=us
Joylada6.30.3Apkpure,9aff64a69f94a56ca65f181089ee0b86bfd1e92e693b8a2f38ebce6fadc13afd,0,,118.52383995056152,com.ookbee.joyapp.android,21,Entertainment,"5,000,000+",145,3.79,True,"Ookbee U Co., Ltd.",https://play.google.com/store/apps/details?id=com.ookbee.joyapp.android&hl=en&gl=us
ParentingGuidefromLasting2.0.2Apkpure,9ad7266e52360765ab508e71b0dd4ba6e65541050df4783ec1f12e956c083709,0,,32.37477779388428,com.lasting.parenting,21,Health & Fitness,"1,000+",7,4.037037,False,Talkspace,https://play.google.com/store/apps/details?id=com.lasting.parenting&hl=en&gl=us
MangaToon-MangaReader3.05.06Apkpure,6cd2117dc5101d5a232f3ff4095c7dc03419fec825c565830dc5e59ea846497e,0,,43.23814392089844,mobi.mangatoon.comics.aphone,21,Comics,"10,000,000+",5718,4.2136307,True,MangaToon,https://play.google.com/store/apps/details?id=mobi.mangatoon.comics.aphone&hl=en&gl=us
Grindr-Gaychat9.11.0Apkpure,3456925d75803e1368d36dec9f18e71567a0d007333e9a92072301ca448adbe2,0,,230.98921298980713,com.grindrapp.android,23,Social,"50,000,000+",69356,3.4922671,True,Grindr LLC,https://play.google.com/store/apps/details?id=com.grindrapp.android&hl=en&gl=us
MarvelUnlimited7.46.0Apkpure,13604ab5f030ca5290eafad7cdf11bd5aa50337288e839ee409f3f22733d698c,1,Android.Android.WIN32.Hqwar.ec,43.25551128387451,com.marvel.unlimited,23,Comics,"5,000,000+",9578,4.603557,False,Marvel Comics,https://play.google.com/store/apps/details?id=com.marvel.unlimited&hl=en&gl=us
ProdigyMathKidsGame4.4.3Apkpure,a7dbf629feb5b55b0f4b033947096a724b5934e3317c94de46847af88b88080e,0,,24.40567684173584,com.prodigygame.prodigy,21,Educational,"5,000,000+",22747,4.11161,False,Prodigy Education Inc.,https://play.google.com/store/apps/details?id=com.prodigygame.prodigy&hl=en&gl=us
MeetupSocialEventsGroups2023.05.31.1571Apkpure1,324d90de3630cbf4839ef8e0e3c555453e8528f383aac0b5718c66c6b833498f,0,,63.48237609863281,com.meetup,24,Social,"10,000,000+",18093,4.296045,True,Meetup,https://play.google.com/store/apps/details?id=com.meetup&hl=en&gl=us
Google14.24.9.28.arm64Apkpure,fb9a5cbf857119fc12f76ebe87b7653da402c531d120e31f87d33e2222c921e4,0,,164.3095235824585,com.google.android.googlequicksearchbox,28,Tools,"10,000,000,000+",526179,4.2151084,True,Google LLC,https://play.google.com/store/apps/details?id=com.google.android.googlequicksearchbox&hl=en&gl=us
KhanAcademyKidsLearning!5.1.7Apkpure,bbf441b44b72a89f0a5542f1fce979afc6e0c0c556f8b5a64acb4d8a98bb43d1,0,,147.65819358825684,org.khankids.android,21,Education,"5,000,000+",5708,4.6508346,False,Khan Academy,https://play.google.com/store/apps/details?id=org.khankids.android&hl=en&gl=us
VivaVideo-VideoEditorMaker9.9.7Apkpure,1768cb8658cfaec3eb9dff7bb5b7d5ef4305401ef6242a63e49a3e49f43d878b,0,,137.47453117370605,com.quvideo.xiaoying,21,Video Players & Editors,"500,000,000+",145754,4.4157014,True,QuVideo Inc. Video Editor & Video Maker App,https://play.google.com/store/apps/details?id=com.quvideo.xiaoying&hl=en&gl=us
TayasuiSketches1.4.0Apkpure,a8ceb8bc93a66dfc7b8c6b3ac6fb1b265fe10969040ae027699275b75494b6c9,0,,54.446078300476074,com.tayasui.sketches,20,Art & Design,"5,000,000+",1261,4.4068375,False,Sketches,https://play.google.com/store/apps/details?id=com.tayasui.sketches&hl=en&gl=us
AllEventsinCity-Discover10.1Apkpure,0d79be6f44e84d21153071a07b5dcb612e0258523562d9b25000ed18674e9c85,0,,7.386859893798828,com.amitech.allevents,16,Events,"500,000+",348,4.5704226,False,Amitech Business Solutions,https://play.google.com/store/apps/details?id=com.amitech.allevents&hl=en&gl=us
AdvanceAutoParts2.5.2Apkpure,61dacca6014250c714802391c54fcabd1fabf36fc492cd24b2911aa2c5c391f8,0,,137.94625568389893,com.advanceauto.mobile.commerce.dist,23,Auto & Vehicles,"1,000,000+",6352,4.7380414,False,"Advance Auto Parts, Inc.",https://play.google.com/store/apps/details?id=com.advanceauto.mobile.commerce.dist&hl=en&gl=us
WeatherbyWeatherBug5.62.0-38Apkpure,967b32d1527df23d46cb719e95f016ae31168a650c1ba4c214caf083caeeeb12,0,,198.1327133178711,com.aws.android,26,Weather,"10,000,000+",411853,4.6731143,True,WeatherBug,https://play.google.com/store/apps/details?id=com.aws.android&hl=en&gl=us
MetaBusinessSuite411.0.0.32.62Apkpure,c3398f5485939109a562c7da3f9ea747f02f84a5bbd24219aba403062eca62fa,0,,78.91986846923828,com.facebook.pages.app,28,Business,"100,000,000+",76207,4.4266987,False,"Meta Platforms, Inc.",https://play.google.com/store/apps/details?id=com.facebook.pages.app&hl=en&gl=us
"WildHookup,Meet,DatingMe2.8.2Apkpure",677a61f488ca28f7e0bc5623298ba57b08907403bd1b40113c32c222c89be00a,0,,171.0888433456421,com.free.hookup.dating.apps.wild,24,Dating,"1,000,000+",7576,4.604571,False,Wild Limited,https://play.google.com/store/apps/details?id=com.free.hookup.dating.apps.wild&hl=en&gl=us
MAPS.MEOfflinemapsGPSNavv14.7.71581-googleReleaseApkpure,f47f67f291631bc56629bce02e2ccdee4fc40f718cbcc48c7758bc92700ea798,0,,273.8601369857788,com.mapswithme.maps.pro,23,Travel & Local,"50,000,000+",13288,4.1054125,False,MAPS.ME (CYPRUS) LTD,https://play.google.com/store/apps/details?id=com.mapswithme.maps.pro&hl=en&gl=us
MantaUnlimitedComics23.5.279Apkpure,280ad77f712e645abb4c436d92939a93b18bcb0bd3a582aeff6bf94a76a8b2bb,0,,101.35703659057617,net.manta.comic,24,Comics,"5,000,000+",3158,4.5941877,False,RIDI Corporation,https://play.google.com/store/apps/details?id=net.manta.comic&hl=en&gl=us
AndroidAuto9.8.632413-releaseApkpure,3c0ba1bbcba2d59b8651e77b9474886ffcd2496feab4efb3bd3b13e4326a5d35,0,,37.33615589141846,com.google.android.projection.gearhead,26,Auto & Vehicles,"5,000,000,000+",400512,4.1682305,False,Google LLC,https://play.google.com/store/apps/details?id=com.google.android.projection.gearhead&hl=en&gl=us
YouTubeStudio23.23.100Apkpure,c15891ad2618dc569557da215e5795428dc88e2490b3039d3f6240b8b677c544,0,,43.346940994262695,com.google.android.apps.youtube.creator,26,Video Players & Editors,"100,000,000+",34419,4.31373,False,Google LLC,https://play.google.com/store/apps/details?id=com.google.android.apps.youtube.creator&hl=en&gl=us
VideoMaker1.485.136Apkpure,5fb021386529a98f9a78b96f2555943247c369bb4ad1597e51a0af9a53bb9ddd,0,,45.83164405822754,videoeditor.videomaker.videoeditorforyoutube,23,Video Players & Editors,"50,000,000+",38549,4.799805,True,InShot Video Editor,https://play.google.com/store/apps/details?id=videoeditor.videomaker.videoeditorforyoutube&hl=en&gl=us
Gametime-LastMinuteTickets2023.12.0Apkpure,5dfadda29f4a02fbc2ad86b02302ed152c56ec4c83a981930c555ec6d43067c2,0,,32.24807357788086,com.gametime.gametime,21,Events,"5,000,000+",27672,4.7429833,False,Gametime,https://play.google.com/store/apps/details?id=com.gametime.gametime&hl=en&gl=us
SBF-Fragen–BoatLicenseDE1.2.0Apkpure,bd0901de53e4b5df1ddfc1e7490f2956dff1aafb02662365ec14afe30297f70d,0,,40.88677978515625,de.deliusklasing.sbffragen2.app,21,Education,"10,000+",,,False,Delius Klasing Verlag,https://play.google.com/store/apps/details?id=de.deliusklasing.sbffragen2.app&hl=en&gl=us
AppClose-co-parentingapp3.1.1Apkpure,4213e5d0e6f3ffedc92f67607e2a8852f6bcc3ed38b0beafab287cfccf6acd68,0,,16.399091720581055,com.appclose.androidapp,21,Parenting,"500,000+",1342,4.649334,False,"AppClose, Inc",https://play.google.com/store/apps/details?id=com.appclose.androidapp&hl=en&gl=us
VividSeatsEventTickets2023.58.0Apkpure,93f07ad591f7da9414570bdce95642afd8ac1d42ab4ee1a7d0dd1a8dda52b814,0,,94.86345386505127,com.vividseats.android,23,Events,"1,000,000+",8611,4.0271764,False,Vivid Seats LLC,https://play.google.com/store/apps/details?id=com.vividseats.android&hl=en&gl=us
Weatherapp6.6Apkpure,9596ec5a7a9bfe426cab0020615dbe16048de5f8d9341091730cb1a6dbfd478b,0,,17.630008697509766,com.weather.forecast.weatherchannel,19,Weather,"10,000,000+",21863,4.72719,True,Accurate Weather Forecast & Weather Radar Map,https://play.google.com/store/apps/details?id=com.weather.forecast.weatherchannel&hl=en&gl=us
Clash_of_Clans_15.83.29_Apkpure,4a5fe8b3943eccafbca1f79737bf922ea07811b0ad902c2abb356380c232a8cf,0,,299.1530952453613,com.supercell.clashofclans,21,Strategy,"500,000,000+",1971343,4.5278,False,Supercell,https://play.google.com/store/apps/details?id=com.supercell.clashofclans&hl=en&gl=us
StubHub-LiveEventTickets79.2.1Apkpure,19a3c9c9fea96ddac4dad67905e6cf0d7fda609f592ded7de9908f9d8a8ce3b8,0,,42.77340602874756,com.stubhub,24,Events,"5,000,000+",21230,3.2925982,False,StubHub,https://play.google.com/store/apps/details?id=com.stubhub&hl=en&gl=us
TheNewYorkTimes10.18.0Apkpure,b0ab2a56d4f8969d8babbea1ca223dfe5ec2d0a4bc20f68021e9f0296432bf23,0,,47.87778949737549,com.nytimes.android,23,News & Magazines,"10,000,000+",20276,4.7622757,True,The New York Times Company,https://play.google.com/store/apps/details?id=com.nytimes.android&hl=en&gl=us
ZillowHomesForSaleRent14.6.2.72284Apkpure,6e5ba47c50486f34fa1b8070e89a8f99194f97a5b97b64eca3ecfbed8724c539,0,,97.7554349899292,com.zillow.android.zillowmap,26,House & Home,"50,000,000+",167559,4.7080274,True,Zillow,https://play.google.com/store/apps/details?id=com.zillow.android.zillowmap&hl=en&gl=us
Tapas–ComicsandNovels6.9.0Apkpure,994ead5cb4340fec69da38bfa4ac301f48461dc8ae3147146c1621eb6977c18e,0,,38.94613456726074,com.tapastic,24,Comics,"5,000,000+",13428,3.9402175,True,Tapas Entertainment Inc.,https://play.google.com/store/apps/details?id=com.tapastic&hl=en&gl=us
HilyDatingapp.MeetPeople.3.8.0Apkpure,58fabeeb12709d59771e982dc385c65d7dd203ec185e8e54645c9c7ac1cd3368,0,,82.4829158782959,com.hily.app,21,Dating,"10,000,000+",24100,4.120227,True,Hily Corp.,https://play.google.com/store/apps/details?id=com.hily.app&hl=en&gl=us
JWLibrary13.5Apkpure1,791e12c29be6d8eab35322ab39b002ed97d3e155b44902fba0de43e3e54087f7,0,,93.01296806335449,org.jw.jwlibrary.mobile,22,Books & Reference,"10,000,000+",76897,4.823348,False,Jehovah's Witnesses,https://play.google.com/store/apps/details?id=org.jw.jwlibrary.mobile&hl=en&gl=us
AutoZone-AutoPartsRepair23.5.1Apkpure,d57e474849005ca8bc044bfa86cdb88d05b810327c4452008f1173b2f280904f,0,,67.04701709747314,com.autozone.mobile,23,Auto & Vehicles,"5,000,000+",12377,4.698299,False,"AutoZone, Inc.",https://play.google.com/store/apps/details?id=com.autozone.mobile&hl=en&gl=us
AmazonKindle8.81.1.01.3.290180.0Apkpure,05e829cbcdf0fe20fea0b95cc48706c49586e1823ffa2c738d9c6424222e151f,0,,98.95460033416748,com.amazon.kindle,28,Books & Reference,"100,000,000+",165258,4.726794,True,Amazon Mobile LLC,https://play.google.com/store/apps/details?id=com.amazon.kindle&hl=en&gl=us
Grab-TaxiFoodDelivery5.258.200Apkpure,c2a738a0502a2d54091368982635c0a3de7b2ae8e5dda04f2a8b7d8b070a23a2,0,,153.18373203277588,com.grabtaxi.passenger,21,Travel & Local,"100,000,000+",9817,4.812579,False,Grab Holdings,https://play.google.com/store/apps/details?id=com.grabtaxi.passenger&hl=en&gl=us
PlanTrip-LibraryDemoOnly1.0.1Apkpure,996f3e8a045b36a2a77f00367e9768279c2241e271ba3924cfd74121dc651d32,0,,8.803515434265137,com.erhacorpdotcom.plantripapp,20,Libraries & Demo,100+,,,True,Erhacorpdotcom,https://play.google.com/store/apps/details?id=com.erhacorpdotcom.plantripapp&hl=en&gl=us
StepTracker-Pedometer1.3.8Apkpure,a6a349fc7a04002c3fd29a7afc4b10223a2f923602d990f45764f1e4f6265776,0,,12.274316787719727,steptracker.healthandfitness.walkingtracker.pedometer,22,Health & Fitness,"10,000,000+",20844,4.8155756,True,Leap Fitness Group,https://play.google.com/store/apps/details?id=steptracker.healthandfitness.walkingtracker.pedometer&hl=en&gl=us
"ConceptsSketch,Note,Draw2023.05.5Apkpure",7e7ce0fc74ebbf16cacd1807da422a1cca0e5d81d0af73725462ac0445b78218,0,,91.38519954681396,com.tophatch.concepts,26,Art & Design,"1,000,000+",1152,4.397163,False,"TopHatch, Inc.",https://play.google.com/store/apps/details?id=com.tophatch.concepts&hl=en&gl=us
Vero-TrueSocial2.1.2.03Apkpure,eb007e6071a2255e26d1cfa7f29866efe8734fa872d9b3f4966e9b93988805f6,0,,47.29060363769531,co.vero.app,26,Social,"1,000,000+",4157,3.314335,False,"Vero Labs, Inc.",https://play.google.com/store/apps/details?id=co.vero.app&hl=en&gl=us
FilmoraMovieVideoEditor8.7.11Apkpure,6bb5634f5538b91c68aa3b60fdc30bcc439023724c9e9ac7efbe2915d4355c1f,0,,128.06536483764648,com.wondershare.filmorago,24,Video Players & Editors,"50,000,000+",19387,4.541752,False,Wondershare Filmora,https://play.google.com/store/apps/details?id=com.wondershare.filmorago&hl=en&gl=us
SephoraBuyMakeupSkincare23.12Apkpure,60547eef7d4f89ada0f286c0f23bf054271821d6275b1f5840a273a20faff801,0,,72.18844890594482,com.sephora,24,Beauty,"5,000,000+",21200,4.336235,False,"Sephora USA, Inc.",https://play.google.com/store/apps/details?id=com.sephora&hl=en&gl=us
BabyDevelopmentParenting1.46Apkpure,84088e6ccc735b9b5076505cc679715891a33c22011c056d390e73b7ebfaa368,0,,64.02692127227783,com.babyg,24,Parenting,"100,000+",57,4.51,False,BabyG Tech Pvt Ltd,https://play.google.com/store/apps/details?id=com.babyg&hl=en&gl=us
Gmail2023.05.28.540443362.ReleaseApkpure,c341379beb487f5731c26f8b01156192e9e4b7ae589724d87752bec5e419cca8,0,,122.4482831954956,com.google.android.gm,23,Communication,"10,000,000,000+",405289,4.1659527,True,Google LLC,https://play.google.com/store/apps/details?id=com.google.android.gm&hl=en&gl=us
MicrosoftTeams14161.0.0.2023053702Apkpure,79f8a2def8ace3317deccaca29b8f8238f332e53a5e2e9abc5a2a51d1fa206f6,0,,331.78284072875977,com.microsoft.teams,26,Business,"100,000,000+",89128,4.599172,False,Microsoft Corporation,https://play.google.com/store/apps/details?id=com.microsoft.teams&hl=en&gl=us
GoogleEarth9.180.0.1Apkpure,8d5e6f244b376177df96cb56bc8be760ac647ec4e98ed04e08804097eb7137d9,0,,22.56007194519043,com.google.earth,21,Travel & Local,"500,000,000+",103250,4.1777215,False,Google LLC,https://play.google.com/store/apps/details?id=com.google.earth&hl=en&gl=us
LinkedInJobsBusinessNews4.1.833.1Apkpure,0c21f6d60e23b0fa05150aadace148b5bcd282f222a84b020a206c24e869f25f,0,,82.08101081848145,com.linkedin.android,26,Business,"1,000,000,000+",92990,4.1114593,True,LinkedIn,https://play.google.com/store/apps/details?id=com.linkedin.android&hl=en&gl=us
YouTubeMusic6.07.50Apkpure,9e9bc8fd2b49b1587bbf4cbcbbee0a59ff3ff9b67086ecf2227be802a56f4ab1,0,,33.871628761291504,com.google.android.apps.youtube.music,21,Music & Audio,"1,000,000,000+",409172,4.393965,True,Google LLC,https://play.google.com/store/apps/details?id=com.google.android.apps.youtube.music&hl=en&gl=us
ReadlyMagazinesNewspapers6.13.0Apkpure,b55e1b90032d6bb8973e95de3945e290a41522a5ded7cc0331d4a1d2207d01e9,0,,8.087167739868164,com.readly.client,21,News & Magazines,"1,000,000+",499,4.24183,False,Readly International,https://play.google.com/store/apps/details?id=com.readly.client&hl=en&gl=us
ReadlyMagazinesNewspapers6.12.1Apkpure,97bbab5baeca33ae6f4572dbc7c79c62b646aab4873f5971e128e0cb613b62ba,0,,8.063143730163574,com.readly.client,21,News & Magazines,"1,000,000+",499,4.24183,False,Readly International,https://play.google.com/store/apps/details?id=com.readly.client&hl=en&gl=us
TeachMeAnatomy5.34Apkpure,4e4b068824b6b006c5364efe2440c15bb3e778a5a90bad5a741486e6eba9e7fa,0,,99.94946098327637,com.atomengineapps.teachmeanatomy,24,Medical,"1,000,000+",670,4.479263,True,TeachMeSeries Ltd,https://play.google.com/store/apps/details?id=com.atomengineapps.teachmeanatomy&hl=en&gl=us
CourseraLearncareerskills4.7.1Apkpure,b60c4d5a3f46cb4902e038f94a496e74dd21c6ffb113297b4e33a157cea8d02a,0,,28.493518829345703,org.coursera.android,26,Education,"10,000,000+",5027,4.808292,False,"Coursera, Inc.",https://play.google.com/store/apps/details?id=org.coursera.android&hl=en&gl=us
LifestyleAI1.8.22Apkpure,ad26b2970c09a644c08a0c8a981041995e3fc1f3ead614538c2965e55d806712,0,,60.94756031036377,io.lifestyleai.lifestyleaiflutter,23,None,None,None,None,None,None,None
WOMBODream-AIArtGenerator3.1.3Apkpure,e5999767ba981c10e84e5e77061abc724d5cecdbfe298d46de5ab80469f61344,0,,165.60688400268555,com.womboai.wombodream,25,Art & Design,"10,000,000+",10301,3.8758738,False,Wombo Studios Inc,https://play.google.com/store/apps/details?id=com.womboai.wombodream&hl=en&gl=us
GoogleMapsGo160.1Apkpure,f0d55888adce2e8534f4d939f533f72e10a1895ac12cd248cb1982042e857ab6,0,,0.7709283828735352,com.google.android.apps.mapslite,23,Travel & Local,"500,000,000+",6033,4.279014,True,Google LLC,https://play.google.com/store/apps/details?id=com.google.android.apps.mapslite&hl=en&gl=us
Starbucks6.50Apkpure,9f59b8bdac6b0cdc20a496a48a25c75408cc53bde3766d45370fca939250fb37,0,,41.016846656799316,com.starbucks.mobilecard,26,Food & Drink,"10,000,000+",249404,4.821793,False,Starbucks Coffee Company,https://play.google.com/store/apps/details?id=com.starbucks.mobilecard&hl=en&gl=us
Disney+2.20.0-rc2Apkpure,75e8274be74a064dbca91a8076a08d100df430cfb13188bc61b878850d813a1f,0,,33.60647678375244,com.disney.disneyplus,21,Entertainment,"100,000,000+",166366,4.383131,False,Disney,https://play.google.com/store/apps/details?id=com.disney.disneyplus&hl=en&gl=us
YahooFinanceStockNews12.9.0Apkpure,831402cc8b3e4e3d90be3c3e1a22b15b52d4560e09a34b6d5c2db5c3823823b3,0,,42.69892597198486,com.yahoo.mobile.client.android.finance,23,Finance,"10,000,000+",41666,4.5595756,True,Yahoo,https://play.google.com/store/apps/details?id=com.yahoo.mobile.client.android.finance&hl=en&gl=us
BooDatingFriendsApp1.13.4Apkpure,6f0fc1d0fe5b1563bfe016bd290adb934c6b14e35375a4ecfd3f00933bbab4a5,0,,216.70384120941162,enterprises.dating.boo,25,Dating,"10,000,000+",45078,4.0368276,True,"Boo Enterprises, Inc.",https://play.google.com/store/apps/details?id=enterprises.dating.boo&hl=en&gl=us
Telegram9.6.7Apkpure,b82601faa9336374812baba4a0ce6ce1a4535e5fd4b499a99b4162bda4123016,0,,67.79703426361084,org.telegram.messenger,19,Communication,"1,000,000,000+",158059,4.2767673,False,Telegram FZ-LLC,https://play.google.com/store/apps/details?id=org.telegram.messenger&hl=en&gl=us
MedicalID7.16.4Apkpure,ca87ec3a7251fc8dd87770c2d0c9c2ac65e4fbdf29f7ea15afb64871456f5fde,0,,8.289510726928711,app.medicalid.free,22,Health & Fitness,"500,000+",2246,4.6224136,False,Elaunira,https://play.google.com/store/apps/details?id=app.medicalid.free&hl=en&gl=us
BusinessGame8.0Apkpure,4d096ee25b14689a3cfc9748cd7d11ef0a9eb772302a1dab4526d7c51922adda,0,,83.03453540802002,business.monopoly.city,22,Board,"5,000,000+",280,3.65,True,Ironjaw Studios Private Limited,https://play.google.com/store/apps/details?id=business.monopoly.city&hl=en&gl=us
BeautyCam-BeautifyAIArt11.5.20Apkpure,34decd5a982c1c0e7b9a4c95cee780b4d89a457d291bc30f67210840a162e65a,0,,148.06161499023438,com.meitu.meiyancamera,23,Photography,"50,000,000+",3255,4.117647,False,Meitu (China) Limited,https://play.google.com/store/apps/details?id=com.meitu.meiyancamera&hl=en&gl=us
hooplaDigital4.69.2Apkpure,a5a6fc03922b9ac9b22d66a7b5bae9e379e401df81efc83587d2c120998a4ffd,0,,12.890071868896484,com.hoopladigital.android,23,Books & Reference,"1,000,000+",70426,4.697961,False,Midwest Tape LLC,https://play.google.com/store/apps/details?id=com.hoopladigital.android&hl=en&gl=us
Airbnb23.25Apkpure,ecd74e3fb8ec94308292d93f8d27dbe09bd851a94d45b69e9d2885da4f278731,0,,154.29203510284424,com.airbnb.android,28,Travel & Local,"100,000,000+",88055,4.4854093,False,Airbnb,https://play.google.com/store/apps/details?id=com.airbnb.android&hl=en&gl=us
Jetstar6.0.0Apkpure,9437bf573a5ecc7ee4f7d6d0e043193c50b9127f20171893c1597b4c4e9d3ac3,0,,11.385540008544922,com.ink.jetstar.mobile.app,28,Travel & Local,"1,000,000+",23,4.06,False,Jetstar Airways Pty. Ltd.,https://play.google.com/store/apps/details?id=com.ink.jetstar.mobile.app&hl=en&gl=us
TinderDatingapp.MeetPeople14.11.0Apkpure,d4f289bb931c0de87bdaf53b462142b6e12b84ba223957c02ff30732d4d8f204,0,,174.5776023864746,com.tinder,24,Dating,"100,000,000+",263412,3.6138458,True,Tinder,https://play.google.com/store/apps/details?id=com.tinder&hl=en&gl=us
JWLibrary13.5Apkpure,791e12c29be6d8eab35322ab39b002ed97d3e155b44902fba0de43e3e54087f7,0,,93.01296806335449,org.jw.jwlibrary.mobile,22,Books & Reference,"10,000,000+",76897,4.823348,False,Jehovah's Witnesses,https://play.google.com/store/apps/details?id=org.jw.jwlibrary.mobile&hl=en&gl=us
Whiteout_Survival_1.7.9_Apkpure,3cbcd854bbcb32e533d431a90d8a7fde410ffa9a5d6cff20a3227c0477ae862a,0,,429.5132942199707,com.gof.global,21,Strategy,"10,000,000+",15301,4.353956,False,Century Games Pte. Ltd.,https://play.google.com/store/apps/details?id=com.gof.global&hl=en&gl=us
Zooba_Fun_Battle_Royale_Games_4.7.2_Apkpure,7c6a45b143e66be858803e9ff18ee1b97c2468169fcd7bae121c8ca973d67cfb,0,,349.7143316268921,com.wildlife.games.battle.royale.free.zooba,23,Action,"100,000,000+",27677,4.552646,False,Wildlife Studios,https://play.google.com/store/apps/details?id=com.wildlife.games.battle.royale.free.zooba&hl=en&gl=us
CapCut-VideoEditor8.6.0Apkpure,23a62a691570facf65ccd0b79c152aee919ded098b7c886639419d39529e6693,0,,162.25918102264404,com.lemon.lvoverseas,21,Video Players & Editors,"1,000,000,000+",83776,4.391817,False,Bytedance Pte. Ltd.,https://play.google.com/store/apps/details?id=com.lemon.lvoverseas&hl=en&gl=us
SamsungInternetBrowser21.0.3.6Apkpure,84cab90be924a86a0af5bf353aaf0bbbefa742ffebd06275503e1ca42db08d2e,0,,110.64957237243652,com.sec.android.app.sbrowser,24,Communication,"1,000,000,000+",184721,3.7081373,False,"Samsung Electronics Co.,  Ltd.",https://play.google.com/store/apps/details?id=com.sec.android.app.sbrowser&hl=en&gl=us
SmartNewsLocalBreakingNews23.6.30Apkpure,efefa12d9d8acc70781f930f7dae2c4443686777f82565acb3f6d9aac123e64f,0,,36.7318639755249,jp.gocro.smartnews.android,24,News & Magazines,"50,000,000+",115800,3.7975218,True,"SmartNews, Inc.",https://play.google.com/store/apps/details?id=jp.gocro.smartnews.android&hl=en&gl=us
KMPlayer-AllVideoPlayer42.09.132Apkpure,a9411de8a35b8c6e13f43ca4dbe620cff1f9b65938c1237e418a35b989c20992,0,,197.29725742340088,com.kmplayer,21,Video Players & Editors,"10,000,000+",6421,4.1643896,True,PANDORA.TV,https://play.google.com/store/apps/details?id=com.kmplayer&hl=en&gl=us
HallowPrayerMeditation8.3.3Apkpure,8ea6b127f3dfeb0e7215ef217d02f9c155824eeb60a6992c45eb141a59817e59,0,,13.584169387817383,app.hallow.android,22,Books & Reference,"5,000,000+",5195,4.5775886,False,"Hallow, Inc.",https://play.google.com/store/apps/details?id=app.hallow.android&hl=en&gl=us
Call_of_Dragons_1.0.14.69_Apkpure,600ddfe9e713c101aa0b05a4249bae972dba0ccee1145baeb9b7705df0df16b1,Max File Size,,1266.9033727645874,com.farlightgames.samo.gp,22,Strategy,"5,000,000+",4124,4.231111,False,FARLIGHT,https://play.google.com/store/apps/details?id=com.farlightgames.samo.gp&hl=en&gl=us
BotHubAIChatbotHub1.0.61Apkpure,1c01d1cdb469df25e93ce5605748977c630f8538a4d1a1b5bc59af533feb4b93,0,,45.43652153015137,app.bestsimple.kindgpt,21,Productivity,"10,000+",7,3.6842105,False,3mins.dev,https://play.google.com/store/apps/details?id=app.bestsimple.kindgpt&hl=en&gl=us
DoorDash-FoodDelivery15.112.22Apkpure,181b2c82428d9fc192907779d174c6917e1dc2b74c6afac3d5a3de2e8ece9429,0,,49.47479724884033,com.dd.doordash,21,Food & Drink,"50,000,000+",632414,4.623067,False,DoorDash,https://play.google.com/store/apps/details?id=com.dd.doordash&hl=en&gl=us
WEBTOON2.12.10Apkpure,40627fad47208e13ff7955035d04715ba5b4eebde6c5a19701777458539c1063,0,,28.266457557678223,com.naver.linewebtoon,23,Comics,"100,000,000+",92343,4.680446,True,NAVER WEBTOON,https://play.google.com/store/apps/details?id=com.naver.linewebtoon&hl=en&gl=us
Librariesfordevelopers3.85.00Apkpure,b8ae3d4d55fdaea779ddb125ef3b4d14c16dcf6cac0127d9deacc7b71d61a903,0,,35.25251770019531,com.desarrollodroide.repos,21,Libraries & Demo,"100,000+",350,4.37,False,Desarrollo Droide,https://play.google.com/store/apps/details?id=com.desarrollodroide.repos&hl=en&gl=us
ArtFlowPaintDrawSketchbook2.9.26Apkpure,2ccb7ec12dc68a705abc7ae6a1fae754b69c106c06788c9dc8e1a0bb02168d93,0,,19.274184226989746,com.bytestorm.artflow,27,Art & Design,"5,000,000+",3415,3.4396672,True,Artflow Studio,https://play.google.com/store/apps/details?id=com.bytestorm.artflow&hl=en&gl=us
AccuWeatherWeatherRadar8.11.0-24-googleApkpure,2d75532cae69d6ccc4948deabffae6c0f023412fc79da52e8381524382bdff2c,0,,121.05092239379883,com.accuweather.android,23,Weather,"100,000,000+",354665,3.5368843,True,AccuWeather,https://play.google.com/store/apps/details?id=com.accuweather.android&hl=en&gl=us
WishShopandSave23.14.1Apkpure,2a586e7850581c88ba14ebce923823a46bd013ac23509659f9cb84b521567eb5,0,,31.111933708190918,com.contextlogic.wish,21,Shopping,"500,000,000+",1327225,4.673642,False,Wish Inc.,https://play.google.com/store/apps/details?id=com.contextlogic.wish&hl=en&gl=us
Subway®29.28.0Apkpure,68dab2998b0a12d1090e685706e20b9b56e37381299c0fdb9ebf8fa33eee2b8f,0,,40.6101770401001,com.subway.mobile.subwayapp03,21,Food & Drink,"10,000,000+",119466,4.257778,False,SUBWAY Restaurants,https://play.google.com/store/apps/details?id=com.subway.mobile.subwayapp03&hl=en&gl=us
"BeautyPlus-Retouch,Filters7.6.034Apkpure",643bc9f1f4b40d5ed93a9c1e6257bcb4cd2b737addab1f1f2eb5a5654ae69760,1,PUA.AndroidOS.Spyloan,260.0753116607666,com.commsource.beautyplus,21,Photography,"100,000,000+",31592,4.4828286,True,PIXOCIAL TECHNOLOGY (SINGAPORE) PTE. LTD.,https://play.google.com/store/apps/details?id=com.commsource.beautyplus&hl=en&gl=us
JamesDobsonFamilyInstitute19Apkpure,bbf748e60f35750f044723bb3194411f46bfc2a18e26c6be8ec346c7c5fa8e48,0,,16.629432678222656,org.drjamesdobson.app,21,Education,"5,000+",22,3.2432432,False,James Dobson Family Institute,https://play.google.com/store/apps/details?id=org.drjamesdobson.app&hl=en&gl=us
KhanAcademy7.10.1Apkpure,e4e79b8fb92f541e46eceaa3336cd1e804d70b66d6ba2678e9b6be70a0b55564,0,,86.49558925628662,org.khanacademy.android,23,Education,"10,000,000+",9000,4.2501016,False,Khan Academy,https://play.google.com/store/apps/details?id=org.khanacademy.android&hl=en&gl=us
LezhinComics-DailyReleases2023.6.1Apkpure,8b00765bfced4e65debba10970d8fe7cf12f62b008e7aec2b8847d9e65d94d59,0,,12.793112754821777,com.lezhin.comics,26,Comics,"10,000,000+",5242,3.6030042,True,LEZHIN ENTERTAINMENT,https://play.google.com/store/apps/details?id=com.lezhin.comics&hl=en&gl=us
AutomobileEngineeringBook1.0.9Apkpure,9a8e78fed6599e09f1378f9b316f6d3728f223a99b4293376125fe1973a9e737,0,,41.70803260803223,com.monolit.carstructure,16,Education,"100,000+",7,4.047619,False,Monolith publisher,https://play.google.com/store/apps/details?id=com.monolit.carstructure&hl=en&gl=us
LogosBibleStudyApp26.0.0Apkpure,7279d408e617c7e9eea64a15a25b754687ca882d00b65309e716f1b99785184a,0,,76.19328117370605,com.logos.androidlogos,28,Books & Reference,"1,000,000+",13721,4.7849975,True,Faithlife,https://play.google.com/store/apps/details?id=com.logos.androidlogos&hl=en&gl=us
VLCforAndroid3.5.4Apkpure,dc69db0487380fdfc88e8c4b92de8eded26e4c69cedeb74089964415f37cb7ae,0,,36.60511016845703,org.videolan.vlc,17,Video Players & Editors,"100,000,000+",23148,4.0834403,False,Videolabs,https://play.google.com/store/apps/details?id=org.videolan.vlc&hl=en&gl=us
ParentLab–DailyParentingApp4.5.0Apkpure,9d9cf078ada7448fae11e0dd220a616b4f7dfa6b386fd87665f7fcc82efedf83,0,,61.80834770202637,com.parentlab.canis,21,None,None,None,None,None,None,None
McDonalds7.11.3Apkpure,5a36230ce286ee04d4dbaa08f779a5b504143dbdac62416180f14b5da247d72c,0,,204.82565021514893,com.mcdonalds.app,26,Food & Drink,"50,000,000+",361709,4.7167563,False,"McDonalds USA, LLC",https://play.google.com/store/apps/details?id=com.mcdonalds.app&hl=en&gl=us
"OkCupidDating,LoveFun78.1.0Apkpure",38589b4695d96465c413d4da9436bb0bd4bd2f828e6fe93d2c41f629b7d1791e,0,,58.659135818481445,com.okcupid.okcupid,26,Dating,"10,000,000+",88260,3.3866308,True,okcupid.com,https://play.google.com/store/apps/details?id=com.okcupid.okcupid&hl=en&gl=us
Tasty1.80.0Apkpure,d257196316a308a40030efcb5667c6e01259669e013c9c547c831f627829b2a1,0,,25.296592712402344,com.buzzfeed.tasty,24,Food & Drink,"10,000,000+",26707,4.7526393,False,BuzzFeed,https://play.google.com/store/apps/details?id=com.buzzfeed.tasty&hl=en&gl=us
PaperColor2.6.2Apkpure,c7dd25395e07c6e890c63c8234a8a2ed6a52ea4f7735a3dd00ccee409abae618,0,,39.7003812789917,com.eyewind.paperone,19,Art & Design,"10,000,000+",12848,4.3759203,False,Eyewind,https://play.google.com/store/apps/details?id=com.eyewind.paperone&hl=en&gl=us
YelpforBusiness23.25.0-26232512Apkpure,4ad35edecd50a2a7a7772172756c33ae9e532f3a1d0e7edb9e331635fa356e4a,0,,16.757902145385742,com.yelp.android.biz,26,Business,"1,000,000+",3771,3.501185,False,"Yelp, Inc",https://play.google.com/store/apps/details?id=com.yelp.android.biz&hl=en&gl=us
AdobeExpressGraphicDesign8.17.0Apkpure,c45175219b7ea4394d6d7f1d66cfe6e8d2354ea7393cd0f04e3877a28090bc3e,0,,66.7124433517456,com.adobe.spark.post,26,Art & Design,"10,000,000+",7396,4.442816,False,Adobe,https://play.google.com/store/apps/details?id=com.adobe.spark.post&hl=en&gl=us
ESPNFantasySports8.5.0Apkpure,ffe335681a8a2208272a6fc449e045ff0fcd6cd888fed019d3b709f56bff4da6,0,,22.681617736816406,com.espn.fantasy.lm.football,23,Sports,"10,000,000+",62965,4.6323576,True,Disney,https://play.google.com/store/apps/details?id=com.espn.fantasy.lm.football&hl=en&gl=us
Wendy’s10.1.0Apkpure,fc380d5ee8db9f384f2523542ec083257345fee86f33197c0e50c0df272a8de5,0,,115.07963752746582,com.wendys.nutritiontool,26,Food & Drink,"10,000,000+",51581,4.481615,False,"Wendy's Int'l., LLC",https://play.google.com/store/apps/details?id=com.wendys.nutritiontool&hl=en&gl=us
"Ticketmaster－Buy,SellTickets243.1Apkpure",f0b833a5e94c57e3d76ae52a348b5161f4ce903d667f09fc28f8089b08a42f87,0,,34.27490234375,com.ticketmaster.mobile.android.na,23,Events,"10,000,000+",46853,2.5675995,False,Ticketmaster L.L.C.,https://play.google.com/store/apps/details?id=com.ticketmaster.mobile.android.na&hl=en&gl=us
MyFitnessPalCalorieCounter23.12.0Apkpure,968d255bd6c310002782d9b16cda86d4a3e05917bfb34827f09b7cc5997a60d7,0,,92.97620964050293,com.myfitnesspal.android,28,Health & Fitness,"100,000,000+",449566,4.2297316,True,"MyFitnessPal, Inc.",https://play.google.com/store/apps/details?id=com.myfitnesspal.android&hl=en&gl=us
LoseWeightatHomein30Days1.071.72GPApkpure,21389f1bd3f9fc313dd6e169bc431c5ec287423279537d26ef17d8177db0aac8,1,Android/Agent.MX!tr,20.5107421875,loseweight.weightloss.workout.fitness,23,Health & Fitness,"100,000,000+",16409,4.885267,True,Simple Design Ltd.,https://play.google.com/store/apps/details?id=loseweight.weightloss.workout.fitness&hl=en&gl=us
POCKETCOMICSPremiumWebtoon5.3.1Apkpure,93239a8bf32f3c909348aadb026671add11c825e004e82ba08db5a19cd6e2de4,0,,32.62507629394531,io.comico,21,Comics,"1,000,000+",3599,4.5297527,True,NHN comico Corporation,https://play.google.com/store/apps/details?id=io.comico&hl=en&gl=us
AutolistUsedCarMarketplace13.1.0Apkpure,d5e6ebb9c640a6c2c9bf64c4e6d61d046c9abe45b3b6661b4fd670385f53e4e4,0,,18.325227737426758,com.autolist.autolist,23,Auto & Vehicles,"5,000,000+",9501,4.5142484,True,"Autolist, Inc.",https://play.google.com/store/apps/details?id=com.autolist.autolist&hl=en&gl=us
DCUNIVERSEINFINITE5.8.1Apkpure,da1e94485922294eaa12b684975e2b02741a32a833619d67bf497dc01748f384,0,,88.61140441894531,com.wb.goog.dcuniverse,23,Comics,"5,000,000+",7236,3.4781888,False,Warner Bros. International Enterprises,https://play.google.com/store/apps/details?id=com.wb.goog.dcuniverse&hl=en&gl=us
LifestylebyBioTechUSA1.0.1Apkpure,b2dcec760ba738ab113f4bdf2d9e4f34ddfc2653ea1c4c8417248ca230acfefc,0,,21.16299533843994,net.peater.lifestyle,21,None,None,None,None,None,None,None
LoseWeightAppforWomen2.0.5Apkpure,fef6af198f5501036d0df8053505107ff93d1245b9ec373105971e571a23a580,0,,18.67216205596924,loseweightapp.loseweightappforwomen.womenworkoutathome,19,Health & Fitness,"100,000,000+",12757,4.8481765,True,Leap Fitness Group,https://play.google.com/store/apps/details?id=loseweightapp.loseweightappforwomen.womenworkoutathome&hl=en&gl=us
TappytoonComicsNovels3.35.1Apkpure,abf86ca642dd75bff1f9df756cccf851cea157a438157816c0ad665a79f5d26c,0,,22.594791412353516,com.contentsfirst.tappytoon,23,Comics,"5,000,000+",9849,4.4636254,True,Contents First Inc.,https://play.google.com/store/apps/details?id=com.contentsfirst.tappytoon&hl=en&gl=us
Toca_Life_World_Build_a_Story_1.63_Apkpure,d314aefb43402f283efdb06b6b99dc62706e41ef9749306a56714c339774d6c5,Max File Size,,986.8933620452881,com.tocaboca.tocalifeworld,21,Educational,"100,000,000+",188307,4.2214637,False,Toca Boca,https://play.google.com/store/apps/details?id=com.tocaboca.tocalifeworld&hl=en&gl=us
Messenger414.0.0.17.61Apkpure,5c25261c868f264029f92a1435e6a8448335afaf6b57f24cc6adfc67a365113c,0,,54.36756706237793,com.facebook.orca,28,Communication,"5,000,000,000+",2409914,4.0684643,False,"Meta Platforms, Inc.",https://play.google.com/store/apps/details?id=com.facebook.orca&hl=en&gl=us
BadooDating.Chat.Meet.5.324.0Apkpure,2c64ca049a120a7421100aa0b67c199519a108ccb6046c441a7e456a4b97f42a,0,,51.11444568634033,com.badoo.mobile,21,Dating,"100,000,000+",202185,4.062433,True,Badoo,https://play.google.com/store/apps/details?id=com.badoo.mobile&hl=en&gl=us
BumbleDatingFriendsapp5.324.0Apkpure,7015cad8ed7eac9a9bc58da71f105bfdbb338c336e3bf2c575f4737ea57a98c6,0,,68.35984230041504,com.bumble.app,21,Dating,"50,000,000+",81859,3.7939515,False,Bumble Holding Limited,https://play.google.com/store/apps/details?id=com.bumble.app&hl=en&gl=us
HeyBeautyLovePuzzle1.0.4.8Apkpure,42643b9d8b40b50d5a37c4b6dbf846f6ed9828d0b41fc39ec5bc976035a09e96,Max File Size,,863.1549758911133,com.hey.beauty.puzzle.game,22,Casual,"10,000,000+",1120,4.5367537,True,Digi Craft Studio,https://play.google.com/store/apps/details?id=com.hey.beauty.puzzle.game&hl=en&gl=us
AlfredCameraHomeSecurityapp2023.10.1Apkpure,cf9ed4a78ae98f9517332a14e8dbf629734d4b44633e22304b5428f6d0a1589e,0,,45.455711364746094,com.ivuu,21,House & Home,"10,000,000+",63334,4.7266984,True,Alfred Systems Inc.,https://play.google.com/store/apps/details?id=com.ivuu&hl=en&gl=us
Clock7.5535768093Apkpure,edcdf9ddb553a82612542b60981b2dce0929699ac16be4649bd44ee4419938a4,0,,10.654117584228516,com.google.android.deskclock,23,Tools,"1,000,000,000+",33310,4.080181,False,Google LLC,https://play.google.com/store/apps/details?id=com.google.android.deskclock&hl=en&gl=us
Chick-fil-A®2023.8.2Apkpure,1fdcc39e195c89da744a5fd6bf9938bc9305cd593af5e6313ff45a37de9df1eb,0,,33.83963203430176,com.chickfila.cfaflagship,21,Food & Drink,"10,000,000+",64587,4.605559,False,"Chick-fil-A, Inc.",https://play.google.com/store/apps/details?id=com.chickfila.cfaflagship&hl=en&gl=us
"리디-웹툰,웹소설,전자책모두여기에!23.5.1Apkpure",976d1c6e5620afd85e082245efe2565ce1af1f23efa68dc0ff4714c9de7eda76,0,,268.9161596298218,com.initialcoms.ridi,24,Comics,"5,000,000+",206,4.32,False,RIDI Corporation,https://play.google.com/store/apps/details?id=com.initialcoms.ridi&hl=en&gl=us
FlipaClipCreate2DAnimation3.3.7Apkpure,5bb894104924433a374e0a18e2aa9d319009233e5c7a60896855e59345418ff8,0,,91.57684803009033,com.vblast.flipaclip,21,Art & Design,"50,000,000+",47553,4.3396297,True,Visual Blasters LLC,https://play.google.com/store/apps/details?id=com.vblast.flipaclip&hl=en&gl=us
MovistarProsegurAlarmas3.5.0Apkpure,41a12709d88e0116bb17fe53542d05f232861562329aaabe3c997ae17174834a,0,,245.05757331848145,com.prosegur.alarmas,21,Lifestyle,"500,000+",5,4,False,Prosegur,https://play.google.com/store/apps/details?id=com.prosegur.alarmas&hl=en&gl=us
FlipboardTheSocialMagazine4.3.15Apkpure,eb873afb8d0fd5e28f1a908fa37a247cd49b9f5e7afe6c703c94291c8561d46b,0,,16.514208793640137,flipboard.app,21,News & Magazines,"500,000,000+",135585,3.5935175,True,Flipboard,https://play.google.com/store/apps/details?id=flipboard.app&hl=en&gl=us
BloombergFinanceMarketNews5.98.0.3930355.fd19b588eApkpure,5e0b94fe2ccc7730fdab6542ef461e05bca0b5de9ce8ea7f40e24800de70b4d8,0,,52.3123664855957,com.bloomberg.android.plus,21,News & Magazines,"10,000,000+",6027,3.8015268,True,Bloomberg LP CM,https://play.google.com/store/apps/details?id=com.bloomberg.android.plus&hl=en&gl=us
ArtistryVirtualBeauty5.18.1Apkpure,c9ed1e20dc4b3b16a6a4a7671340f84076c3b88b8ade47a0245f871357e2c13a,0,,64.44172763824463,com.perfectcorp.amb,23,Beauty,"1,000,000+",310,4.24,False,Perfect Corp.,https://play.google.com/store/apps/details?id=com.perfectcorp.amb&hl=en&gl=us
GoogleHome3.2.1.7Apkpure,2bc88797f8943679c28cbd743b2166c98a97b4397ce6618f3e69041e36309c5f,0,,18.366954803466797,com.google.android.apps.chromecast.app,26,Lifestyle,"500,000,000+",157807,4.124469,False,Google LLC,https://play.google.com/store/apps/details?id=com.google.android.apps.chromecast.app&hl=en&gl=us
Picky-BeautyCommunity4.0.12Apkpure,637c891138ab079d2794e3225dafd99176516b6e4a09355257bcaf3616c957f8,0,,47.452895164489746,care.jivaka.picky,21,Beauty,"100,000+",131,4.26,False,Picky Corporation,https://play.google.com/store/apps/details?id=care.jivaka.picky&hl=en&gl=us
"ExpediaHotels,FlightsCar23.24.1Apkpure",0c75eea3e74e4bd1bc697f454e6eae9902b664e00470f025cc7f94ffa7e55d37,0,,33.80405330657959,com.expedia.bookings,26,Travel & Local,"50,000,000+",73343,4.7910028,True,Expedia,https://play.google.com/store/apps/details?id=com.expedia.bookings&hl=en&gl=us
GoogleMeet197.0.542043071.duo.android20230611.10p5.sApkpure,fca02c32d4b281497dd9199f037f957b5270491964ba6d20b1b75718b6875cef,0,,101.27628517150879,com.google.android.apps.tachyon,23,Communication,"5,000,000,000+",690902,4.5275598,False,Google LLC,https://play.google.com/store/apps/details?id=com.google.android.apps.tachyon&hl=en&gl=us
TheWeatherChannel-Radar10.65.0Apkpure,d1028cd43b77535329ae74432efcd0287b4d89426080a5eabaaaced70f5aebdf,0,,84.5723180770874,com.weather.Weather,24,Weather,"100,000,000+",527324,4.6555567,True,The Weather Channel,https://play.google.com/store/apps/details?id=com.weather.Weather&hl=en&gl=us
WebComics-WebtoonManga3.2.00Apkpure,acbeea5ba5b1cc7eff0091a694c6d86c35c0ba69d9deee55c37513f7d3e5eb9e,0,,31.59503746032715,com.webcomics.manga,19,Comics,"10,000,000+",25288,4.2444406,True,WEBCOMICS HOLDINGS HK LIMITED,https://play.google.com/store/apps/details?id=com.webcomics.manga&hl=en&gl=us
"CanvaDesign,PhotoVideo2.220.0Apkpure",2c6dacc613c4882e99ea787f8e5328eb172a0edae326a3e7b9d3f09c587433a5,0,,32.30858898162842,com.canva.editor,23,Art & Design,"100,000,000+",83755,4.8025584,False,Canva,https://play.google.com/store/apps/details?id=com.canva.editor&hl=en&gl=us
AIChat-AIChatbotAssistant1.1.3Apkpure,70c8b3e51a2432dfd8fbfaa05ab39db4457d1fe96c1e0e38389bc5ab3eb8d6e0,1,PUA.AndroidOS.Hiddad,15.067138671875,com.tiptop.ai.chat.gpt,21,Tools,"100,000+",111,4.51,False,Tiptop AI,https://play.google.com/store/apps/details?id=com.tiptop.ai.chat.gpt&hl=en&gl=us
Instagram288.1.0.22.66Apkpure,49b33c25a201d5e9f5ed50186607ab622f3c4ef44089bc214535bf561bd3fd43,0,,65.11535263061523,com.instagram.android,24,Social,"5,000,000,000+",4514319,4.018954,True,Instagram,https://play.google.com/store/apps/details?id=com.instagram.android&hl=en&gl=us
CarGurusUsedNewCars2.77Apkpure,652aa32ee11dd109f11feef942fa4207306b1651e8f342e047cf450d8ae7b9a5,0,,41.7259407043457,com.cargurus.mobileApp,21,Auto & Vehicles,"5,000,000+",7628,4.733291,True,"CarGurus, Inc",https://play.google.com/store/apps/details?id=com.cargurus.mobileApp&hl=en&gl=us
DJMusicmixer-DJMixStudio1.2.6Apkpure,c5694e5755b3bfc96e09ee0dbd6fe0acda968c347c30f8d6e29a2e073a54c50b,0,,9.772064208984375,dj.music.mixer.sound.effects,19,Music & Audio,"10,000,000+",291,4.455446,True,Easyelife,https://play.google.com/store/apps/details?id=dj.music.mixer.sound.effects&hl=en&gl=us
Roblox2.578.564Apkpure,dc2d85841e15d907c569738d908b027493d53774dc60e681d2cf65180eae0de0,0,,162.8394594192505,com.roblox.client,21,Adventure,"1,000,000,000+",3384971,4.4367294,False,Roblox Corporation,https://play.google.com/store/apps/details?id=com.roblox.client&hl=en&gl=us
GoogleDrive2.23.241.0.all.alldpiApkpure,0f27a6bbb0f4360465921c26a069188925c318dfbab81ee02f8c209d99a63308,0,,100.08868598937988,com.google.android.apps.docs,23,Productivity,"10,000,000,000+",175103,4.3328223,False,Google LLC,https://play.google.com/store/apps/details?id=com.google.android.apps.docs&hl=en&gl=us
Weatherdatamicroclimate6.13.2Apkpure,9ccf78d18f17eab959b73d275e71487fe79d1228dfba12a1b4dbee8e340153fe,0,,55.96996593475342,com.wunderground.android.weather,24,Weather,"10,000,000+",147319,4.7431226,True,Weather Underground,https://play.google.com/store/apps/details?id=com.wunderground.android.weather&hl=en&gl=us
FruitNinja®3.34.1Apkpure,29b9147e81930a943a9a8c37ac30def5f89e20841b2b75d4e7546bd7ea0332d3,0,,158.7422971725464,com.halfbrick.fruitninjafree,19,Arcade,"500,000,000+",220978,4.385629,True,Halfbrick Studios,https://play.google.com/store/apps/details?id=com.halfbrick.fruitninjafree&hl=en&gl=us
NewsBreakLocalNewsAlerts23.25.0Apkpure,2c0e6503507af7ac11accb81b4400d822366df3837be09456ebde1a99c892b14,0,,48.24714660644531,com.particlenews.newsbreak,26,News & Magazines,"50,000,000+",137148,4.544326,True,Particle Media Inc.,https://play.google.com/store/apps/details?id=com.particlenews.newsbreak&hl=en&gl=us
DesignHomeLifestyleGame1.97.075Apkpure,f45949e07bc66c6a5a345250b0da89a382ae7bf4ff1db26c923a99df25359ef7,0,,132.00254154205322,com.crowdstar.covetHome,21,Simulation,"50,000,000+",198572,4.3456,True,Crowdstar Inc,https://play.google.com/store/apps/details?id=com.crowdstar.covetHome&hl=en&gl=us
Angry_Birds_2_3.11.3_Apkpure,8dfd2ddbae23bd01783df6df16801c094b7e6503b0dee2651ea1d72f80f27bd6,0,,83.8604907989502,com.rovio.baba,22,Casual,"100,000,000+",267120,4.2073812,True,Rovio Entertainment Corporation,https://play.google.com/store/apps/details?id=com.rovio.baba&hl=en&gl=us
WeChat8.0.37Apkpure,0aae249e7afa30356215d47dfea21841d162d48b97e7049184543f25fb603e15,0,,246.2625389099121,com.tencent.mm,23,Communication,"100,000,000+",211677,3.0474422,False,WeChat International,https://play.google.com/store/apps/details?id=com.tencent.mm&hl=en&gl=us
1WeatherForecastsRadar6.0.0.3Apkpure,2bc016b74e4687e0775b147a6e54d66702241eecb66ac0a4093f24b6f397ab82,0,,71.70697021484375,com.handmark.expressweather,24,Weather,"100,000,000+",266890,4.4835477,True,OneLouder Apps,https://play.google.com/store/apps/details?id=com.handmark.expressweather&hl=en&gl=us
Calculator8.4503542421Apkpure,8178945c7075d84bf32c7210230d52a282ab99945b53bc53737b5235bf1cef0a,0,,3.183055877685547,com.google.android.calculator,23,Tools,"1,000,000,000+",24390,4.403822,False,Google LLC,https://play.google.com/store/apps/details?id=com.google.android.calculator&hl=en&gl=us
SERIES3.34.0Apkpure,f399b3803986bd5c2e1a4ea160472395a72d15a16cb1af34110d7542517b6cb9,0,,54.582152366638184,com.nhn.android.nbooks,23,Books & Reference,"10,000,000+",254,4.34,False,NAVER WEBTOON,https://play.google.com/store/apps/details?id=com.nhn.android.nbooks&hl=en&gl=us
UltaBeautyMakeupSkincare8.2.1Apkpure,f4240eb7b5bcb96629872aefee046daf1f0f9cceb68ed58d5b3d3937a78d8138,0,,81.02828025817871,com.ulta,21,Beauty,"5,000,000+",39704,4.1164203,False,ULTA,https://play.google.com/store/apps/details?id=com.ulta&hl=en&gl=us
MeetupSocialEventsGroups2023.05.31.1571Apkpure,324d90de3630cbf4839ef8e0e3c555453e8528f383aac0b5718c66c6b833498f,0,,63.48237609863281,com.meetup,24,Social,"10,000,000+",18093,4.296045,True,Meetup,https://play.google.com/store/apps/details?id=com.meetup&hl=en&gl=us
Perfect365MakeupPhotoEditor8.4.0Apkpure,826b0aee01a5f60eceacc29f8dcb3a776f6088b834ee0e66313138cff2d289e0,4,"A Variant Of Android/Packed.Jiagu.D Pot..., PUA.AndroidOS.Jiagu, Riskware/PackagingUntrustworthy.Jiagu..., Trojan (0053576b1)",121.46777820587158,com.arcsoft.perfect365,23,Beauty,"50,000,000+",49510,4.2445035,True,"Perfect365, Inc.",https://play.google.com/store/apps/details?id=com.arcsoft.perfect365&hl=en&gl=us
3DTuningCarGameSimulator3.7.608Apkpure,6ce0dc7c8098e37ae9f9182f4bc9c2d44f36bcb6e4a252279fcc848a1bb3eaae,0,,55.84658622741699,air.com.A3dtuning.Tuning3D,19,Simulation,"10,000,000+",13604,3.8051264,True,3DTuning,https://play.google.com/store/apps/details?id=air.com.A3dtuning.Tuning3D&hl=en&gl=us
edXCoursesbyHarvardMIT4.0.2Apkpure,e176b1e1402c26f2d027f89ed880b6c8f610c9ad5136fa024e982c8ad9276baf,0,,14.014216423034668,org.edx.mobile,21,Education,"5,000,000+",2463,4.5962567,False,edX LLC,https://play.google.com/store/apps/details?id=org.edx.mobile&hl=en&gl=us
e＋イープラスアプリ-チケット・ニュース・スマチケ5.5.1Apkpure,b5f7e4863d84aa4103f4332249b07f413cba4cb82565ce241d8078f04f244ac1,0,,20.538628578186035,jp.eplus.android.all.app,24,Entertainment,"1,000,000+",2,3.5,False,e＋(イープラス),https://play.google.com/store/apps/details?id=jp.eplus.android.all.app&hl=en&gl=us
PlentyofFishDatingApp4.95.0.1513060Apkpure,5b4f30ffb919927f5d66297571fb43fd2e3fa8991677d736a65639b792c47607,0,,200.54388332366943,com.pof.android,24,Social,"50,000,000+",349902,3.6321092,True,Plentyoffish Media ULC,https://play.google.com/store/apps/details?id=com.pof.android&hl=en&gl=us
AmazonMusicSongsPodcasts23.8.0Apkpure,edc37057bce38514beb945d25d124986338ee9c78f61e7681d5f36bc459cf33b,0,,79.49963474273682,com.amazon.mp3,24,Music & Audio,"100,000,000+",472206,3.3039098,False,Amazon Mobile LLC,https://play.google.com/store/apps/details?id=com.amazon.mp3&hl=en&gl=us
SeatGeek–TicketstoEvents2023.06.121299Apkpure,0ad3d1fbca331322fe5a7b5047d5f65da6766a077cf8cbcb5328a1e880962bd8,0,,51.59152317047119,com.seatgeek.android,27,Events,"5,000,000+",9675,4.3661547,False,SeatGeek,https://play.google.com/store/apps/details?id=com.seatgeek.android&hl=en&gl=us
FeverLocalEventsTickets5.48.1Apkpure,1b98a233d95defafe80dc3bb6f14e8cfa445a3e65cc220bb7c10ea3a7fdedcd0,0,,93.92189884185791,com.feverup.fever,24,Events,"5,000,000+",3410,4.5331683,False,Fever Labs,https://play.google.com/store/apps/details?id=com.feverup.fever&hl=en&gl=us
Skype8.96.0.502Apkpure,d205cbf7bcd7b0f11ec10dd00333a8d4a99dfd14ad82b6a4636910b8db03907a,0,,51.13647747039795,com.skype.raider,26,Communication,"1,000,000,000+",415301,4.270752,True,Skype,https://play.google.com/store/apps/details?id=com.skype.raider&hl=en&gl=us
AirDroidParentalControl1.0.4.0Apkpure,82fa87f15e8d7f0d4d1cc7d7abf4e339eade7f2321ba8d90dcd28cab20b5aa5d,0,,26.108559608459473,com.sand.airdroidkidp,24,Parenting,"1,000,000+",808,4.375,False,SAND STUDIO,https://play.google.com/store/apps/details?id=com.sand.airdroidkidp&hl=en&gl=us
Snapchat12.39.0.48Apkpure,f0fe4b06acbdf49b5340ef13a9f106906efc520e6ab353219c4725c6cc36ade7,0,,40.591938972473145,com.snapchat.android,21,Communication,"1,000,000,000+",1751427,4.08209,True,Snap Inc,https://play.google.com/store/apps/details?id=com.snapchat.android&hl=en&gl=us
TP-LinkTapo2.16.112Apkpure,a0390abf01aa0b310e9f5da59386596e5d91809322866974455493918dfdd05f,0,,158.12156581878662,com.tplink.iot,21,Lifestyle,"10,000,000+",1814,4.7119045,False,TP-LINK GLOBAL INC.,https://play.google.com/store/apps/details?id=com.tplink.iot&hl=en&gl=us
SmartTools-Utilities20.6Apkpure,15efb6f40b69f3fc9c53c94dca8198f4707e1a6366be8cf141d90060c599f756,0,,7.324080467224121,com.pcmehanik.smarttoolbox,24,Tools,"1,000,000+",734,4.535714,True,PC Mehanik,https://play.google.com/store/apps/details?id=com.pcmehanik.smarttoolbox&hl=en&gl=us
MyRadarWeatherRadar8.48.2Apkpure,fc589cb851fec04627732c7474a4c0a7c9e923f3a8a092ca9b798f987ecf17a0,0,,64.50170516967773,com.acmeaom.android.myradar,23,Weather,"10,000,000+",85591,4.300658,True,ACME AtronOmatic LLC,https://play.google.com/store/apps/details?id=com.acmeaom.android.myradar&hl=en&gl=us
WOMBODream-AIArtGenerator3.1.2Apkpure,a1331951ccb407cc2fd4ab3a4056c2eef3b36152e878838f794776f5228c754e,0,,165.59088706970215,com.womboai.wombodream,25,Art & Design,"10,000,000+",10300,3.8758738,False,Wombo Studios Inc,https://play.google.com/store/apps/details?id=com.womboai.wombodream&hl=en&gl=us
CrossyRoad5.3.1Apkpure,6a5f9e907f286cc6f3bbba5e855f857b951a789c5ad88c6c4ba86ab93cef5f19,0,,123.65020942687988,com.yodo1.crossyroad,22,Action,"100,000,000+",350411,4.5413213,True,HIPSTER WHALE,https://play.google.com/store/apps/details?id=com.yodo1.crossyroad&hl=en&gl=us
MicrosoftAuthenticator6.2305.3477Apkpure,c01bf20d4185ebf0bfd638aec8ddb621b95aa684de2b09f83d3bcf73c8149f6e,0,,92.3847713470459,com.azure.authenticator,26,Business,"100,000,000+",81690,4.602568,False,Microsoft Corporation,https://play.google.com/store/apps/details?id=com.azure.authenticator&hl=en&gl=us
AmazonBusinessShopandSave26.12.0.451Apkpure,e205ef1583193c642f1cae8086665e43c96067fb972844ab5a4c4fe77f627937,0,,66.44868659973145,com.amazon.mShop.android.business.shopping,26,Shopping,"1,000,000+",715,4.3264923,True,Amazon Mobile LLC,https://play.google.com/store/apps/details?id=com.amazon.mShop.android.business.shopping&hl=en&gl=us
TapColorProColorByNumber7.1.7Apkpure,5a2b15e38cea748014d7a1edffa92a6632555f0f3c6607ae033f18118962d96c,0,,63.16751194000244,coloring.color.number.happy.paint.art.drawing.puzzle,19,Board,"50,000,000+",24300,4.682832,True,Tap Color Studio,https://play.google.com/store/apps/details?id=coloring.color.number.happy.paint.art.drawing.puzzle&hl=en&gl=us
Argenta4.0.0.0Apkpure,e285d19234e19694df63666f17c24d1ef49df5add6c7103282bb97f1f5770126,0,,67.94580459594727,com.sitael.vending,24,Food & Drink,"100,000+",4,3.909091,False,MatiPay,https://play.google.com/store/apps/details?id=com.sitael.vending&hl=en&gl=us
PhonebyGoogle106.0.536237016-pixel2022Apkpure,66ae9257e53bc72e0530b2a6afbbce0c8c66b7bbbf7b640a503e235bf06dcb6d,0,,60.90099906921387,com.google.android.dialer,24,Tools,"1,000,000,000+",91130,4.424708,False,Google LLC,https://play.google.com/store/apps/details?id=com.google.android.dialer&hl=en&gl=us
QuickBooksOnlineAccounting27.57.0+1Apkpure,aa412475be074096e8638e06c073c55d6696ff177f8c0b0a64770c69c688d94a,0,,125.11348056793213,com.intuit.quickbooks,28,Business,"5,000,000+",12408,4.042871,False,Intuit Inc,https://play.google.com/store/apps/details?id=com.intuit.quickbooks&hl=en&gl=us
Paramount+PeakStreaming12.0.52Apkpure,4171a34b3c6c63c8c39e62537eef7fc9113f7af3a6f65d03522eb25298cd6480,0,,49.88518714904785,com.cbs.app,21,Entertainment,"10,000,000+",167600,3.7124152,True,"CBS Interactive, Inc.",https://play.google.com/store/apps/details?id=com.cbs.app&hl=en&gl=us
MintBudgetTrackBills8.37.0Apkpure,981b5c02532f2fc3d3cec2632188d08198114f83ec2e7960f53d1880f836b0e9,0,,61.02336120605469,com.mint,26,None,None,None,None,None,None,None
GoogleDrive2.23.251.0.all.alldpiApkpure,c320e546fe41b6b4bd7edc8c611faaa5ebda21a2145968e31ae6019231f3a9fe,0,,100.22578525543213,com.google.android.apps.docs,23,Productivity,"10,000,000,000+",175103,4.3328223,False,Google LLC,https://play.google.com/store/apps/details?id=com.google.android.apps.docs&hl=en&gl=us
GoogleChromeFastSecure114.0.5735.131Apkpure,7a7e98a0cfd17f27266b3256b0d975070de564c03b900e2a80d2ea293e0a320e,0,,225.11158275604248,com.android.chrome,24,Communication,"10,000,000,000+",981355,4.060926,False,Google LLC,https://play.google.com/store/apps/details?id=com.android.chrome&hl=en&gl=us
StorytelAudiobooksEbooks23.23Apkpure,ebcce3dc547d03e472405fe521a2a58533361004e875053d03e7150c07b82d6f,0,,31.77984046936035,grit.storytel.app,21,Books & Reference,"10,000,000+",1024,4.0254955,False,Storytel Sweden AB,https://play.google.com/store/apps/details?id=grit.storytel.app&hl=en&gl=us
GoogleTranslate7.7.0.540337148.2-releaseApkpure,8e642d75c3d6e3a1bf2374981b347369746902c52b9617f3b854eec3cdefa784,0,,31.66746425628662,com.google.android.apps.translate,26,Tools,"1,000,000,000+",186171,4.157485,False,Google LLC,https://play.google.com/store/apps/details?id=com.google.android.apps.translate&hl=en&gl=us
AmazonPrimeVideo3.0.348.23947Apkpure,315a1b2bf30b96fec19ff181451958f0543c548492a320483c23ea7f91e55bcf,0,,41.589755058288574,com.amazon.avod.thirdpartyclient,21,Entertainment,"500,000,000+",192884,3.960281,True,Amazon Mobile LLC,https://play.google.com/store/apps/details?id=com.amazon.avod.thirdpartyclient&hl=en&gl=us
BILIBILICOMICS-MangaReader3.1.1Apkpure,7cf41d2cff0b997f71dd57ff05e41b6400a91c4fda08d3b275a4b56cf90fcb1a,0,,61.687578201293945,com.bilibili.comic.intl,21,None,None,None,None,None,None,None
TheGuardian-NewsSport6.106.18915Apkpure,b4173228ac21dfb59e5c080eea32ec97542e7b8fdda88d6524846ca782034cef,0,,29.526829719543457,com.guardian,26,News & Magazines,"5,000,000+",20823,4.7182393,True,Guardian News & Media Ltd,https://play.google.com/store/apps/details?id=com.guardian&hl=en&gl=us
HEREWeGoMapsNavigation4.8.250Apkpure,266d91bbffcaf82fa04593b6434530d322a2ed0a1529943c288026953e1bc23e,0,,51.646249771118164,com.here.app.maps,24,Maps & Navigation,"10,000,000+",8963,3.3014815,False,HERE Europe B.V.,https://play.google.com/store/apps/details?id=com.here.app.maps&hl=en&gl=us
B612AIPhotoVideoEditor12.1.25Apkpure,dfdd8b1fab12bec7fa8da314ed2e2dfd6c97c2adb3e62949f7b450ee8c8ebbaf,0,,163.6214084625244,com.linecorp.b612.android,26,Photography,"500,000,000+",20361,4.26118,False,SNOW Corporation,https://play.google.com/store/apps/details?id=com.linecorp.b612.android&hl=en&gl=us
Cars.com–NewUsedVehicles9.7.1.8363Apkpure,164605c201e064850bb777b8a49d51da99c006092182e94f184c92ad8bc687f9,0,,30.2160062789917,com.cars.android,23,Auto & Vehicles,"10,000,000+",18927,4.686237,True,Cars.com,https://play.google.com/store/apps/details?id=com.cars.android&hl=en&gl=us
Google_14.24.9.28.arm64_Apkpure,845b6194903b5a1f6d54180efb9491da1a51eea43fdfc284b68dbee87fffd29a,0,,111.25,,,None,None,None,None,None,None,None
